News_Org,Created_Dt,Text,Compound,Positive,Neutral,Negative,Tweet_Count
BBCWorld,2018-09-30 00:56:22+00:00,Racism and stereotypes in colonial Indiaâ€™s 'Instagramâ€™ https://t.co/9nlhxMc5Vy,-0.6249,0.0,0.631,0.369,1
BBCWorld,2018-09-30 00:52:49+00:00,Why Hollywood writer Ubah Mohamed hated her name https://t.co/zhvHnaQZ1o,-0.6369,0.0,0.656,0.344,2
BBCWorld,2018-09-30 00:49:07+00:00,Brazil indigenous group bets on 'golden fruit' https://t.co/1EpTnBeIla,0.0,0.0,1.0,0.0,3
BBCWorld,2018-09-30 00:12:47+00:00,Brett Kavanaugh: FBI contacts second woman https://t.co/fI0zi8dx8Q,0.0,0.0,1.0,0.0,4
BBCWorld,2018-09-29 23:21:42+00:00,India airports: Has PM Modi built more than others? https://t.co/2ytKfJi1E4,0.0,0.0,1.0,0.0,5
BBCWorld,2018-09-29 22:54:42+00:00,"North Korea 'won't disarm if sanctions continue', minister says https://t.co/G30RXWIqug",0.0,0.0,1.0,0.0,6
BBCWorld,2018-09-29 22:39:25+00:00,Russian spy poisoning: Woman 'identifies' suspect as Anatoliy Chepiga https://t.co/x0x1s3pqFN,-0.7184,0.0,0.571,0.429,7
BBCWorld,2018-09-29 18:38:49+00:00,Danish police free manhunt suspects in death threat case https://t.co/MdvQVtWIUX,-0.7506,0.174,0.316,0.511,8
BBCWorld,2018-09-29 18:15:24+00:00,Turkey's Erdogan opens mosque in German city of Cologne https://t.co/PwqV4taNQZ,0.0,0.0,1.0,0.0,9
BBCWorld,2018-09-29 16:25:59+00:00,What will the FBI investigation into Kavanaugh actually do? https://t.co/cgOdPVUEQw,0.0,0.0,1.0,0.0,10
BBCWorld,2018-09-29 15:42:15+00:00,Indonesia tsunami: Aftershocks rock Palu day after disaster https://t.co/NX1sOtrqel,-0.6249,0.0,0.661,0.339,11
BBCWorld,2018-09-29 15:17:04+00:00,"RT @BBCNews: More than half of the world's killer whales could be wiped out by man-made chemicals, scientists say 

https://t.co/qO6tcjJUY6â€¦",-0.6486,0.0,0.815,0.185,12
BBCWorld,2018-09-29 14:13:33+00:00,Egypt sentences activist for 'spreading fake news' https://t.co/7mVqaXNJVR,-0.4404,0.117,0.583,0.301,13
BBCWorld,2018-09-29 11:55:30+00:00,HIV/Aids: China reports 14% surge in new cases https://t.co/quSiJJTfY6,0.0,0.0,1.0,0.0,14
BBCWorld,2018-09-29 11:40:46+00:00,"RT @bbcworldservice: The 94-year-old who writes a sex advice column in Mumbai. #MyIndianLife 
ðŸ“» https://t.co/ZQ7MwxfCmh",0.0,0.0,1.0,0.0,15
BBCWorld,2018-09-29 10:52:14+00:00,"RT @bbcweather: A rare ""medicane"" (a hurricane-like storm in the Mediterranean) can be seen on these satellite images. This storm will brinâ€¦",0.0,0.0,1.0,0.0,16
BBCWorld,2018-09-29 10:43:06+00:00,RT @PhilippaBBC: A reminder for @BBCWorld followers about why so much is at stake with the Brett Kavanaugh confirmation - whatever your polâ€¦,0.0,0.0,1.0,0.0,17
BBCWorld,2018-09-29 09:20:11+00:00,In pictures: Tsunami devastation in Sulawesi https://t.co/Kqe9Z3uJ72,-0.4215,0.0,0.682,0.318,18
BBCWorld,2018-09-29 09:14:52+00:00,"The woman who challenged US senator Flake in a lift: ""He had to confront the pain and rage that women feel""
(Tap toâ€¦ https://t.co/1hlUOcDdxY",-0.8402,0.0,0.655,0.345,19
BBCWorld,2018-09-29 08:47:49+00:00,Why India is furious about a set of stamps https://t.co/FWpc19RBL9,-0.5719,0.0,0.684,0.316,20
BBCWorld,2018-09-29 07:33:59+00:00,RT @BBCBreaking: At least 384 people now known to have died after an earthquake and tsunami hit a coastal Indonesian city https://t.co/IprVâ€¦,-0.5574,0.0,0.847,0.153,21
BBCWorld,2018-09-29 07:08:24+00:00,Gamers meet in real life at bedside of terminally-ill friend https://t.co/g4rF79BDes,0.4939,0.242,0.758,0.0,22
BBCWorld,2018-09-29 01:11:32+00:00,F-35 fighter jet: Programme suffers first crash https://t.co/HHN1joyOfJ,-0.6369,0.129,0.403,0.468,23
BBCWorld,2018-09-29 00:15:41+00:00,Bula! Fiji fights US bar's trademark on a national greeting https://t.co/MhhIOtYxpF,-0.1007,0.191,0.589,0.22,24
BBCWorld,2018-09-29 00:01:54+00:00,Do New York police unfairly stop young black men? https://t.co/ewt2bRrHKO,-0.296,0.0,0.804,0.196,25
BBCWorld,2018-09-28 23:58:06+00:00,Why is France's Macron talking tough on Brexit? https://t.co/0wDBq3DJlo,-0.128,0.0,0.842,0.158,26
BBCWorld,2018-09-28 23:39:21+00:00,Basra protests: US closes consulate after weeks of deadly protests https://t.co/sIY1rWcj4Z,-0.4215,0.0,0.703,0.297,27
BBCWorld,2018-09-28 22:02:57+00:00,Kavanaugh hearings: Who were the women confronting Jeff Flake? https://t.co/tSHFiwZhcL,-0.1531,0.0,0.849,0.151,28
BBCWorld,2018-09-28 22:02:26+00:00,The elevator confrontation that happened before Republican senator Jeff Flake's call for an FBI investigation intoâ€¦ https://t.co/UH9fyTgsuk,-0.3182,0.0,0.874,0.126,29
BBCWorld,2018-09-28 21:36:50+00:00,Jair Bolsonaro: The candidate dividing friends in Brazil https://t.co/nhwhvaD3dJ,0.4767,0.279,0.721,0.0,30
BBCWorld,2018-09-28 21:25:44+00:00,Astrid Holleeder: Why I betrayed my crime boss brother https://t.co/jeU2zV65vn,-0.8176,0.0,0.483,0.517,31
BBCWorld,2018-09-28 21:18:19+00:00,RT @DaveLeeBBC: Facebook confirms the bug would have allowed attackers to log-in to third-party sites using a person's Facebook account.,-0.5719,0.0,0.829,0.171,32
BBCWorld,2018-09-28 21:10:08+00:00,RT @BBCBreaking: US President Donald Trump orders FBI to reopen background inquiry into Supreme Court nominee Brett Kavanaugh over sexual mâ€¦,0.5574,0.153,0.847,0.0,33
BBCWorld,2018-09-28 19:45:02+00:00,Led Zeppelin to face new Stairway to Heaven trial https://t.co/JrpFtGOlM0,0.5106,0.268,0.732,0.0,34
BBCWorld,2018-09-28 19:14:34+00:00,"President Donald Trump: Christine Blasey Ford's testimony was ""very compelling... Brett's testimony likewise was reâ€¦ https://t.co/olrOUwdB5W",0.0,0.0,1.0,0.0,35
BBCWorld,2018-09-28 18:50:09+00:00,Brett Kavanaugh deploys the Trump and Clinton playbook https://t.co/t8bKTGx269,0.0,0.0,1.0,0.0,36
BBCWorld,2018-09-28 18:23:58+00:00,"Brett Kavanaugh, Trump court nominee, clears first hurdle https://t.co/kpgxGaIht2",0.0772,0.14,0.86,0.0,37
BBCWorld,2018-09-28 18:23:48+00:00,Malia Obama appears in New Dakotas' music video https://t.co/vNPpDsb8TP,0.0,0.0,1.0,0.0,38
BBCWorld,2018-09-28 18:23:01+00:00,RT @BBCJamesCook: BREAKING President Trump says he has no plan to replace his Supreme Court nominee but describes Brett Kavanaugh's accuserâ€¦,0.1779,0.1,0.83,0.07,39
BBCWorld,2018-09-28 18:05:15+00:00,RT @BBCBreaking: Brett Kavanaugh's nomination to US Supreme Court backed by Senate committee as discussions continue over FBI inquiry httpsâ€¦,0.5719,0.207,0.793,0.0,40
BBCWorld,2018-09-28 17:48:05+00:00,Turkey-Germany: Erdogan urges Merkel to extradite Gulen 'terrorists' https://t.co/GnX6A5RqsH,0.0,0.0,1.0,0.0,41
BBCWorld,2018-09-28 17:48:04+00:00,Jan Kuciak murder: Three people charged with journalist's killing https://t.co/qu0dkdEm0M,-0.8979,0.0,0.391,0.609,42
BBCWorld,2018-09-28 17:44:58+00:00,"RT @BBCBreaking: Facebook says the security flaw has been fixed and it has informed police. In a statement it says ""we have yet to determinâ€¦",0.34,0.094,0.906,0.0,43
BBCWorld,2018-09-28 17:27:52+00:00,"The moment a tsunami wave hit a coastal city in Indonesia sweeping away buildings

https://t.co/RbuTRNhXu8 https://t.co/nwCPNxALPz",0.0,0.0,1.0,0.0,44
BBCWorld,2018-09-28 17:10:20+00:00,"RT @BBCBreaking: 50 million Facebook accounts compromised, the social network says - in all, 90m accounts will have to take action https://â€¦",0.0,0.0,1.0,0.0,45
BBCWorld,2018-09-28 17:07:57+00:00,Church sex abuse: 'I was forced to swim naked with our priest' https://t.co/qFYAilIpnk,-0.802,0.0,0.604,0.396,46
BBCWorld,2018-09-28 16:48:03+00:00,Christine Blasey Ford through the eyes of a survivor https://t.co/pXj3U2dr5g,0.3612,0.238,0.762,0.0,47
BBCWorld,2018-09-28 16:47:59+00:00,Chinese message in a bottle makes waves in Queensland https://t.co/8P6iUNbWip,0.0,0.0,1.0,0.0,48
BBCWorld,2018-09-28 16:45:19+00:00,#KavanaughHearings: Five things you may have missed https://t.co/cZiP7KGe36,-0.296,0.0,0.761,0.239,49
BBCWorld,2018-09-28 14:33:52+00:00,"Denmark police continue major manhunt as bridges reopen
https://t.co/VvtZbPPK5Q",0.0,0.0,1.0,0.0,50
BBCWorld,2018-09-28 14:19:05+00:00,Chile abuse priest Fernando Karadima removed by Vatican https://t.co/cgBsQcaEzo,-0.6369,0.0,0.656,0.344,51
BBCWorld,2018-09-28 14:16:06+00:00,"Brett Kavanaugh: Senate Judiciary Committee to vote on Supreme Court nominee at 1330 EST (1830 BST)

Follow live upâ€¦ https://t.co/5dPRaE9R5z",0.5574,0.159,0.841,0.0,52
BBCWorld,2018-09-28 14:11:18+00:00,Tsunami hits Indonesia's Palu after strong earthquake https://t.co/gdC9SlLXpi,0.5106,0.32,0.68,0.0,53
BBCWorld,2018-09-28 14:08:40+00:00,"""In 25 years... I have never seen a nominee for any position behave in that manner"" - Democrat Senator Dianne Feinsâ€¦ https://t.co/W4wD1TTPEQ",0.0,0.0,1.0,0.0,54
BBCWorld,2018-09-28 14:02:55+00:00,"RT @awzurcher: Ranking Democrat Dianne Feinstein now reading her statement, but several junior Democratic senators have already left the heâ€¦",0.0,0.0,1.0,0.0,55
BBCWorld,2018-09-28 14:02:20+00:00,Autopsy on Coptic Christian monk shows signs of poisoning https://t.co/efxdxxIhnI,-0.5859,0.0,0.703,0.297,56
BBCWorld,2018-09-28 14:00:11+00:00,#KavanaughHearings: Some Democratic senators leave the room as Senate Judiciary Committee chairman Chuck Grassley mâ€¦ https://t.co/SdXVNd8kMd,-0.0516,0.0,0.926,0.074,57
BBCWorld,2018-09-28 12:57:10+00:00,"RT @BBCNews: 'The facial reconstruction that changed my life after bone cancer'

https://t.co/1ecgm8X4CW https://t.co/VHV1356Rru",-0.6597,0.0,0.747,0.253,58
BBCWorld,2018-09-28 12:54:29+00:00,RT @BBCBreaking: Danish police seal off bridges and ferries to Sweden and Germany in a major operation https://t.co/uvVH4ANjHm,0.0,0.0,1.0,0.0,59
BBCWorld,2018-09-28 12:26:24+00:00,"Brett Kavanaugh: Senate committee due to vote on Supreme Court nominee 

https://t.co/lFaAiBBbVN #kavanaughhearings",0.5574,0.231,0.769,0.0,60
BBCWorld,2018-09-28 12:21:44+00:00,European warnings over Italy's populist budget https://t.co/9EX9mjswwY,-0.296,0.0,0.732,0.268,61
BBCWorld,2018-09-28 11:49:14+00:00,RT @BBCAfrica: Senegal's sand painter: Creating beauty with grains of sand https://t.co/tsPHeAxvrE https://t.co/MFF8lNr5Bg,0.7184,0.353,0.647,0.0,62
BBCWorld,2018-09-28 11:46:26+00:00,Ethiopia attack: Five charged for trying to kill PM Abiy Ahmed https://t.co/5ZIEKHu0Ip,-0.8625,0.0,0.484,0.516,63
BBCWorld,2018-09-28 11:31:22+00:00,"RT @BBCNews: Bless you, deer ðŸ¦Œ https://t.co/7SMx5joISa",0.4215,0.318,0.682,0.0,64
BBCWorld,2018-09-28 10:26:58+00:00,Iran mocks new nuclear claims by Israel's PM https://t.co/fIRZPmG5mY,-0.4588,0.0,0.727,0.273,65
BBCWorld,2018-09-28 10:02:10+00:00,"RT @BBCNews: #KavanaughHearings: The nomination, the allegations, and why it matters (in 300 words) 

https://t.co/WFrzrhvDus",0.0258,0.073,0.927,0.0,66
BBCWorld,2018-09-28 09:39:11+00:00,First human case of rat hepatitis found in Hong Kong https://t.co/ABQ9OQM0YY,0.0,0.0,1.0,0.0,67
BBCWorld,2018-09-28 09:19:34+00:00,"#BelieveWomen v #BackBrett

Social media reacts to #KavanaughHearings https://t.co/TXPtPZkTh4",0.0,0.0,1.0,0.0,68
BBCWorld,2018-09-28 09:18:49+00:00,.@ArianaGrande tweet worries fans https://t.co/qAK8JZ9Qbc,-0.4215,0.0,0.588,0.412,69
BBCWorld,2018-09-28 09:17:05+00:00,"RT @BBCSport: The second match is red for the first time, courtesy of Rickie Fowler.

#RyderCup live @5liveSport 
ðŸ‘‰ https://t.co/KNp9oCIyiXâ€¦",0.3612,0.102,0.898,0.0,70
BBCWorld,2018-09-28 08:50:30+00:00,#KavanaughHearings divide US media https://t.co/BD20kT7YTo,0.0,0.0,1.0,0.0,71
BBCWorld,2018-09-28 08:36:49+00:00,"Forget what you thought you knew about Baby Shark (doo doo doo doo doo doo)

This German woman was the original virâ€¦ https://t.co/x9hOgEeIS2",0.1027,0.091,0.833,0.075,72
BBCWorld,2018-09-28 07:34:59+00:00,Protests as Germany welcomes Turkey's Erdogan https://t.co/9ZIUcOFlSj,0.2023,0.281,0.521,0.198,73
BBCWorld,2018-09-28 07:32:08+00:00,RT @SallyBundockBBC: Do you feel you are penalised for loyalty? Is this an issue outside of the UK as well? Get in touch #BBCBizLive - @VFrâ€¦,0.7149,0.206,0.794,0.0,74
BBCWorld,2018-09-28 07:15:21+00:00,"New name, same country? A choice for Macedonians https://t.co/LwswWrq67u",0.0,0.0,1.0,0.0,75
BBCWorld,2018-09-28 07:08:23+00:00,"Woman, 75, dies after being hit by lorry in County Monaghan https://t.co/inkYmEOdlM",0.0,0.0,1.0,0.0,76
BBCWorld,2018-09-28 06:39:15+00:00,"RT @BBCSport: First blood goes to #TeamEurope as Justin Rose birdies the opening hole!

#RyderCup live @5liveSport 
ðŸ‘‰ https://t.co/KNp9oCIyâ€¦",0.0,0.0,1.0,0.0,77
BBCWorld,2018-09-28 06:27:54+00:00,Australia banking inquiry: Misconduct 'driven by greed' https://t.co/Y04bCee7yt,-0.4019,0.0,0.722,0.278,78
BBCWorld,2018-09-28 05:47:53+00:00,Sabarimala temple: India's top court revokes ban on women https://t.co/sCavF73f9h,-0.4215,0.134,0.597,0.269,79
BBCWorld,2018-09-28 03:29:09+00:00,Kavanaugh hearings: A moment of reckoning for American women https://t.co/DBPVIHe2gc,0.0,0.0,1.0,0.0,80
BBCWorld,2018-09-28 02:27:55+00:00,Papua New Guinea plane comes down in Micronesia lagoon https://t.co/yd6eW12499,0.0,0.0,1.0,0.0,81
BBCWorld,2018-09-27 23:29:39+00:00,Idlib hospitals at breaking point in last rebel stronghold https://t.co/adeRpQgd7n,-0.0258,0.135,0.721,0.144,82
BBCWorld,2018-09-27 23:25:48+00:00,Africa's week in pictures: 21-27 September 2018 https://t.co/inLAMj4pQL,0.0,0.0,1.0,0.0,83
BBCWorld,2018-09-27 23:02:49+00:00,Change of identity: Macedonians to vote on new name https://t.co/1xfcpuZAvM,0.0,0.0,1.0,0.0,84
BBCWorld,2018-09-27 22:01:37+00:00,US Supreme Court nominee Brett Kavanaugh insists he is innocent of sexual assault allegations in emotional testimonâ€¦ https://t.co/sEPUeL5rIH,0.4215,0.299,0.551,0.15,85
BBCWorld,2018-09-27 21:59:32+00:00,"RT @awzurcher: This is like the end of a heavyweight prize fight, when both sides are barely standing and they just lean into each other anâ€¦",0.4939,0.191,0.724,0.086,86
BBCWorld,2018-09-27 21:53:07+00:00,"US Supreme Court nominee Brett Kavanaugh opened his testimony by saying that his nomination had sparked a ""frenzy oâ€¦ https://t.co/IVlLLqGSpi",0.3182,0.157,0.742,0.1,87
BBCWorld,2018-09-27 21:49:14+00:00,Canada MPs vote to strip Aung San Suu Kyi of honorary citizenship https://t.co/NsL18oWJb2,0.34,0.167,0.833,0.0,88
BBCWorld,2018-09-27 21:30:21+00:00,Brett Kavanaugh denies Christine Blasey Ford sex assault claim https://t.co/i0EILgHDdO,-0.765,0.0,0.548,0.452,89
BBCWorld,2018-09-27 21:02:24+00:00,"""This is not a job interview, this is hell"" - Senator Lindsey Graham offers strong support to US Supreme Court nomiâ€¦ https://t.co/gl2TG2WICz",0.6124,0.318,0.53,0.152,90
BBCWorld,2018-09-27 20:52:01+00:00,"Tense exchanges as Brett Kavanaugh faces questions in front of Senate Judiciary Committee, after denying allegationâ€¦ https://t.co/2CyGyZxKsb",-0.5859,0.0,0.758,0.242,91
BBCWorld,2018-09-27 20:30:11+00:00,RT @BBCBreaking: Tesla chief executive Elon Musk accused of fraud by the US Securities and Exchange Commission https://t.co/Qf8jtsrv8G,-0.5859,0.095,0.647,0.259,92
BBCWorld,2018-09-27 20:28:18+00:00,RT @BBCBusiness: US regulator alleges Elon Musk Tesla fraud https://t.co/8NBCt4Xfl1,-0.5859,0.0,0.703,0.297,93
BBCWorld,2018-09-27 20:00:52+00:00,"US Supreme Court nominee Brett Kavanaugh asks to be judged by standard people would want applied to ""your father, yâ€¦ https://t.co/sj9t6mBV9p",0.5994,0.205,0.795,0.0,94
BBCWorld,2018-09-27 19:51:51+00:00,"""Those are some awesome women and I love all of them""

Brett Kavanaugh praises women who have supported him since aâ€¦ https://t.co/Cv7KsNafJa",0.9325,0.452,0.548,0.0,95
BBCWorld,2018-09-27 19:44:16+00:00,#KavanaughHearings latest: https://t.co/aWkMrEnAg6 https://t.co/jJTSzVcpsd,0.0,0.0,1.0,0.0,96
BBCWorld,2018-09-27 19:32:48+00:00,"""I am innocent of this charge"": Brett Kavanaugh breaks down while giving testimony at Senate Judiciary Committeeâ€¦ https://t.co/CynWHbeMNK",0.5859,0.231,0.769,0.0,97
BBCWorld,2018-09-27 19:18:58+00:00,"RT @BBCBreaking: ""My family and my name have been totally and permanently destroyed"" - US Supreme Court nominee Brett Kavanaugh reacts to sâ€¦",0.0352,0.133,0.739,0.128,98
BBCWorld,2018-09-27 19:18:33+00:00,"RT @BBCJonSopel: #JudgeKavanaugh is coming out swinging. He sounds aggressive and angry, as he emphatically denies the accusations againstâ€¦",-0.8402,0.0,0.6,0.4,99
BBCWorld,2018-09-27 18:55:27+00:00,"""I think her testimony overall has been very powerful and very compelling"" - Senator Chris Coons, speaking after Châ€¦ https://t.co/A3dUGjXvTN",0.647,0.237,0.763,0.0,100
CBSNews,2018-09-30 02:03:05+00:00,Behind the scenes of Jeff Flake's decision to call for an FBI probe into Kavanaugh allegationsâ€¦ https://t.co/zlvwA3IyF8,0.0,0.0,1.0,0.0,1
CBSNews,2018-09-30 01:56:05+00:00,How the FBI will investigate the Brett Kavanaugh allegations https://t.co/mewe8JBOFW https://t.co/A5wmRhmbqn,0.0,0.0,1.0,0.0,2
CBSNews,2018-09-30 01:48:03+00:00,Kavanaugh's chances? Online markets offer a perspective on his nomination https://t.co/QjphBD8w0g https://t.co/6RPmVdW7vX,0.2023,0.153,0.847,0.0,3
CBSNews,2018-09-30 01:33:04+00:00,Indonesia earthquake kills hundreds as quake triggers 20-foot-high tsunami waves https://t.co/oXaZaqxch6 https://t.co/XgSjuXFTVo,-0.5423,0.0,0.759,0.241,4
CBSNews,2018-09-30 01:18:03+00:00,Video shows fight before fatal shooting of LSU basketball player Wayde Sims https://t.co/iNeuhNud2n https://t.co/CqdfFyyYZw,-0.7269,0.0,0.663,0.337,5
CBSNews,2018-09-30 01:03:04+00:00,Library of Congress launches online National Screening Room https://t.co/goFKD3N48W https://t.co/kTPZOe7Jla,0.0,0.0,1.0,0.0,6
CBSNews,2018-09-30 00:48:03+00:00,Ted Turner reveals he's battling Lewy body dementia in exclusive interview https://t.co/h888oIdOoI https://t.co/vQwCVdA0gU,-0.1531,0.103,0.753,0.144,7
CBSNews,2018-09-30 00:45:12+00:00,"President Trump campaigned at a rally in West Virginia, where the vulnerable Democratic senator is a key swing voteâ€¦ https://t.co/6XT3CVnJQs",-0.2263,0.0,0.899,0.101,8
CBSNews,2018-09-30 00:33:03+00:00,Brett Kavanaugh wrongly claimed he could drink legally in Maryland in high school https://t.co/Jabxe8HEWA https://t.co/i9ZyEhl7FC,0.1027,0.091,0.909,0.0,9
CBSNews,2018-09-30 00:18:03+00:00,$3 billion Hoover Dam project hopes to bring power plant into 21st century https://t.co/EfUg3MjROs https://t.co/OYZdPO6NtF,0.4215,0.167,0.833,0.0,10
CBSNews,2018-09-30 00:03:03+00:00,"Jenni ""JWoww"" Farley files for divorce, husband Roger Mathews says he's going to win her backâ€¦ https://t.co/UeWt4xa9Al",0.5859,0.192,0.808,0.0,11
CBSNews,2018-09-29 23:48:04+00:00,Surveillance video shows deadly ambush of rapper XXXTentacion in Florida https://t.co/jmxWIpJd5F https://t.co/moxHj7or8s,0.0,0.0,1.0,0.0,12
CBSNews,2018-09-29 23:44:05+00:00,Catholic institute accused of failing to act on McCarrick allegations https://t.co/1w5tjZ6D2m https://t.co/cz5OUvBZRF,-0.6705,0.0,0.645,0.355,13
CBSNews,2018-09-29 23:33:03+00:00,"West Virginia poverty gets worse under Trump economy, not better https://t.co/KQGRVOv2Eb https://t.co/fioTWM3Ztf",-0.8319,0.0,0.505,0.495,14
CBSNews,2018-09-29 23:18:03+00:00,Christine Blasey Ford's friend clarifies statement about alleged assault by Brett Kavanaugh https://t.co/qVQMrOXFLV https://t.co/eLLb5I6i73,0.0772,0.256,0.553,0.191,15
CBSNews,2018-09-29 23:03:03+00:00,Iran airs video of close encounter with USS Theodore Roosevelt in Strait of Hormuz https://t.co/a4VgiauMzT https://t.co/zxHPCXA1qF,0.0,0.0,1.0,0.0,16
CBSNews,2018-09-29 22:19:51+00:00,"Michelle Obama urges voters to ""take their power back"" at registration rally https://t.co/ahbqwzLJio https://t.co/lPqSuH99Ug",0.0,0.0,1.0,0.0,17
CBSNews,2018-09-29 22:00:30+00:00,A 5-year-old California kindergartener suffers from violent seizures. So her parents turned to an unlikely treatmenâ€¦ https://t.co/zUoDKv0ExH,-0.7906,0.0,0.667,0.333,18
CBSNews,2018-09-29 21:49:45+00:00,"JUST IN: Elon Musk to step down as chair of Tesla board, settles with SEC for $20 million https://t.co/Kc3MnRpR0n https://t.co/nh5EiL4EkB",0.0,0.0,1.0,0.0,19
CBSNews,2018-09-29 21:39:29+00:00,Indonesia earthquake kills hundreds as quake triggers 20-foot-high tsunami waves https://t.co/cewkqa0MZ7 https://t.co/V61E1Dhrht,-0.5423,0.0,0.759,0.241,20
CBSNews,2018-09-29 21:19:36+00:00,"Iran broadcasts video of close encounter with USS Theodore Roosevelt, in likely attempt to show strength after newâ€¦ https://t.co/cctmOBeCd2",0.4939,0.151,0.849,0.0,21
CBSNews,2018-09-29 21:17:14+00:00,"JUST IN: Elizabeth Warren says she will take a ""hard look"" at running for president https://t.co/xgfWjsZjDZ https://t.co/kGPAk01S0W",-0.1027,0.0,0.915,0.085,22
CBSNews,2018-09-29 20:59:32+00:00,"Inside the tiny green huts that shelter London's cab drivers, where only those with ""the knowledge"" can get insideâ€¦ https://t.co/2uXGblkMvy",0.0,0.0,1.0,0.0,23
CBSNews,2018-09-29 20:39:46+00:00,Shark attacks teen at Southern California beach https://t.co/2z1V2ElGzj https://t.co/l81bvYWvg9,-0.4404,0.0,0.734,0.266,24
CBSNews,2018-09-29 20:19:33+00:00,"FBI reaches out to Deborah Ramirez, the second woman to accuse Brett Kavanaugh of sexual misconductâ€¦ https://t.co/VGSw9GSPmK",-0.1531,0.067,0.833,0.1,25
CBSNews,2018-09-29 19:59:48+00:00,Super PAC aligned with House GOP leadership cuts off millions of dollars in funding for two vulnerable Republicansâ€¦ https://t.co/l3mYljCQZj,0.2023,0.163,0.667,0.171,26
CBSNews,2018-09-29 19:39:47+00:00,Can blockchain save local reporting? A new start-up called Civil thinks cryptocurrency may be journalism's saviorâ€¦ https://t.co/r0pSr3NrHz,0.4939,0.176,0.824,0.0,27
CBSNews,2018-09-29 19:19:54+00:00,Wayde Sims shooting: Suspect arrested in LSU basketball player's death and admits to the killingâ€¦ https://t.co/TAtOyT9TOO,-0.7906,0.094,0.513,0.393,28
CBSNews,2018-09-29 18:59:55+00:00,"The White House will determine the scope of the FBI's Brett Kavanaugh investigation, which could make it unlikely tâ€¦ https://t.co/arDFVnj9hq",0.0,0.0,1.0,0.0,29
CBSNews,2018-09-29 18:41:32+00:00,Two children found dead in hot vehicles hours apart in Florida https://t.co/XfU6IDxbHN https://t.co/5JE24n2vpO,-0.6486,0.0,0.736,0.264,30
CBSNews,2018-09-29 18:19:38+00:00,"Nancy Pelosi calls Brett Kavanaugh ""hysterical,"" says he is unfit to serve on the Supreme Courtâ€¦ https://t.co/zkM7CB3JcH",0.5574,0.184,0.816,0.0,31
CBSNews,2018-09-29 18:00:01+00:00,The Mississippi police officers shot and killed in an early morning confrontation have been identified as James Whiâ€¦ https://t.co/1bBV2qVTmd,-0.7783,0.0,0.714,0.286,32
CBSNews,2018-09-29 17:51:57+00:00,"RT @CBSSunday: DID YOU KNOW...

""The average cost to get a pair of hearing aids in the US is about $4,700. That basically means then for thâ€¦",0.0,0.0,1.0,0.0,33
CBSNews,2018-09-29 17:39:37+00:00,"As uproar continues over NFL protests during the national anthem, some players are quietly working to enact changeâ€¦ https://t.co/ZWZp7Hlrms",-0.2263,0.0,0.905,0.095,34
CBSNews,2018-09-29 17:19:45+00:00,"New York Film Festival review: ""The Favourite,"" from Greek director Yorgos Lanthimos, is a cruelly funny period pieâ€¦ https://t.co/vpeqeVP5ZL",0.3182,0.245,0.602,0.153,35
CBSNews,2018-09-29 17:00:00+00:00,"North Korea says ""no way"" it will disarm nuclear weapons if it can't trust U.S. https://t.co/c3aPYpK9I2 https://t.co/nFRGAP2jJa",-0.7784,0.0,0.642,0.358,36
CBSNews,2018-09-29 16:39:34+00:00,"""If you didn't cooperate with him, you was going down"": Wrongfully convicted Chicago residents recall life under coâ€¦ https://t.co/ShnjHjvu3a",0.0,0.0,1.0,0.0,37
CBSNews,2018-09-29 16:19:41+00:00,Christine Blasey Ford's friend Leland Keyser says she doesn't remember 1982 house party but believes the sexual assâ€¦ https://t.co/v31N85nHPR,0.4497,0.189,0.811,0.0,38
CBSNews,2018-09-29 16:00:02+00:00,"Review: Orson Welles' ""The Other Side of the Wind"" was one of the most infamous unfinished films for decades. Doesâ€¦ https://t.co/QBvRtNyUgs",0.0,0.0,1.0,0.0,39
CBSNews,2018-09-29 15:19:34+00:00,"The Brett Kavanaugh and Christine Blasey Ford hearings drew more than 20 million viewers, an audience comparable toâ€¦ https://t.co/Yld5VtRIft",0.0,0.0,1.0,0.0,40
CBSNews,2018-09-29 15:02:12+00:00,Two Mississippi officers dead after shootout; wounded suspect in custody https://t.co/JPj3Iz4IGF https://t.co/Ilgd3wTLad,-0.7579,0.0,0.606,0.394,41
CBSNews,2018-09-29 14:29:48+00:00,"Marty Balin, founder of Jefferson Airplane, dies at 76 https://t.co/h2pY4wFzMr https://t.co/czhq7Es1nB",0.0,0.0,1.0,0.0,42
CBSNews,2018-09-29 14:09:31+00:00,"Prominent business leader Philip Trenary shot dead in Memphis; ""personal vendetta"" eyed https://t.co/FdqolZx65m https://t.co/hj5GrbwUNE",-0.4588,0.124,0.645,0.231,43
CBSNews,2018-09-29 13:49:37+00:00,"Brett Kavanaugh called the allegations against him a ""calculated and orchestrated political hit"" by Democrats and tâ€¦ https://t.co/mcS5Dfrnjp",0.0,0.0,1.0,0.0,44
CBSNews,2018-09-29 13:29:35+00:00,XXXTentacion murder: Surveillance video shows deadly ambush of rapper in Florida https://t.co/yCPns4rVOx https://t.co/fDvL79hwdj,-0.6908,0.0,0.719,0.281,45
CBSNews,2018-09-29 13:03:04+00:00,"See Tom Hanks as Mister Rogers in ""You Are My Friend"" https://t.co/nxKfa4SEqw https://t.co/BnjC7s4wrI",0.4939,0.211,0.789,0.0,46
CBSNews,2018-09-29 12:48:04+00:00,"Honda recall: Rear cameras and airbags lead to recall of Accord, Insight, Acura models https://t.co/mjnRRXcYhQ https://t.co/2kUxsM1If7",0.0,0.0,1.0,0.0,47
CBSNews,2018-09-29 12:33:10+00:00,National Guardsmen waved van around barricade blocking flooded road before 2 drowned https://t.co/p6FCW1mWa4 https://t.co/tMLYv6GLdH,-0.7579,0.0,0.629,0.371,48
CBSNews,2018-09-29 12:18:03+00:00,Video shows fight before fatal shooting of LSU basketball player Wayde Sims https://t.co/d5WzByQSBK https://t.co/uLMZ5DRCwg,-0.7269,0.0,0.663,0.337,49
CBSNews,2018-09-29 12:03:04+00:00,"Inmate denies murdering ex-roommate before execution, says ""but hey, whatever makes you happy""â€¦ https://t.co/aSAyLL9Ast",-0.5499,0.0,0.725,0.275,50
CBSNews,2018-09-29 11:56:04+00:00,Surveillance video shows deadly ambush of rapper XXXTentacion in Florida https://t.co/V6erW8N81k https://t.co/6DWORmrzux,0.0,0.0,1.0,0.0,51
CBSNews,2018-09-29 11:48:03+00:00,Man diagnosed with world's first human case of rat disease hepatitis E https://t.co/jjKTWo8MCZ https://t.co/8cBe53Ijq2,0.0,0.0,1.0,0.0,52
CBSNews,2018-09-29 11:33:03+00:00,Brett Kavanaugh's friend Mark Judge responds to Christine Blasey Ford testimony https://t.co/BONonEwNKU https://t.co/WtLW4xbepR,0.4939,0.211,0.789,0.0,53
CBSNews,2018-09-29 11:32:04+00:00,"Marty Balin, founder of Jefferson Airplane, dies at 76 https://t.co/VWYME73mGf https://t.co/0pAEvE9zHY",0.0,0.0,1.0,0.0,54
CBSNews,2018-09-29 11:24:06+00:00,Airline now says one passenger is missing after Micronesia lagoon plane crash https://t.co/O0j9W0N4Nd https://t.co/lSy7IR10qX,-0.5994,0.0,0.71,0.29,55
CBSNews,2018-09-29 11:18:04+00:00,Former Massachusetts state senator found dead before his corruption trial https://t.co/DAySakAVsS https://t.co/SWnt6i6aQY,-0.6486,0.0,0.719,0.281,56
CBSNews,2018-09-29 11:03:03+00:00,Paramilitary sect leader Deborah Green sentenced for child abuse in New Mexico https://t.co/jh5zn3ZZFL https://t.co/LKqisTc7DX,-0.6486,0.0,0.694,0.306,57
CBSNews,2018-09-29 11:02:06+00:00,Indonesia earthquake kills hundreds as quake triggers 10-foot-high tsunami https://t.co/87S88uA6aY https://t.co/jlVWVg1Dcw,-0.5423,0.0,0.741,0.259,58
CBSNews,2018-09-29 10:48:03+00:00,Boy Scouts recall neckerchief slides due to high lead content https://t.co/FIunyyMlLJ https://t.co/FtU8i9icir,0.0,0.0,1.0,0.0,59
CBSNews,2018-09-29 10:33:04+00:00,"Trump orders FBI to conduct ""supplemental investigation"" into Kavanaugh allegations â€” live updatesâ€¦ https://t.co/FRwNczPWyO",0.0,0.0,1.0,0.0,60
CBSNews,2018-09-29 10:18:03+00:00,Ted Turner reveals he's battling Lewy body dementia in exclusive interview https://t.co/h888oIdOoI https://t.co/nCEFAROWjN,-0.1531,0.103,0.753,0.144,61
CBSNews,2018-09-29 10:03:03+00:00,"""Murphy Brown"" stars on working with special guest Hillary Clinton https://t.co/1VxhprTItb https://t.co/mN7aEXzm99",0.4019,0.197,0.803,0.0,62
CBSNews,2018-09-29 09:48:03+00:00,Newer birth control pills tied to lower risk of ovarian cancer https://t.co/JxpBdlfx9V https://t.co/ifuFXea8qf,-0.8271,0.0,0.535,0.465,63
CBSNews,2018-09-29 09:33:04+00:00,IRS to retirees: Don't get caught by a tax surprise https://t.co/mQEU1VAF7p https://t.co/LgVBhW1W50,0.2732,0.174,0.826,0.0,64
CBSNews,2018-09-29 09:18:03+00:00,"West Virginia poverty gets worse under Trump economy, not better https://t.co/nLa4VtubGD https://t.co/Yzlo6OXZNp",-0.8319,0.0,0.505,0.495,65
CBSNews,2018-09-29 09:03:02+00:00,High schoolers sound off on Kavanaugh allegations and sexual assault https://t.co/iq7BF8A00J https://t.co/Fq7Gv8nbgW,-0.5859,0.0,0.743,0.257,66
CBSNews,2018-09-29 08:48:03+00:00,"William H. Macy and showrunner John Wells open up on Emmy Rossumâ€™s exit from ""Shameless"" https://t.co/vfydWXSoTP https://t.co/VS9pvV0MG5",0.25,0.111,0.889,0.0,67
CBSNews,2018-09-29 08:33:04+00:00,Christine Blasey Ford's attorneys release polygraph results on Kavanaugh allegations https://t.co/DwuiEmJETD https://t.co/anWIzIU4uH,0.0,0.0,1.0,0.0,68
CBSNews,2018-09-29 08:18:04+00:00,"California man is ""genuinely remorseful"" for role in 2016 election interference https://t.co/MyUpcqdm6j https://t.co/IORzKf8RRK",-0.2263,0.0,0.863,0.137,69
CBSNews,2018-09-29 08:03:03+00:00,"Wayde Sims, LSU basketball player, shot to death in Baton Rouge https://t.co/OoAUhvP2Rs https://t.co/d9jkkLgfNe",-0.5994,0.0,0.755,0.245,70
CBSNews,2018-09-29 07:48:03+00:00,Headless body found in fish tank identified as missing San Francisco homeowner https://t.co/OUec6QhWFm https://t.co/AUocdlZFjW,-0.296,0.0,0.855,0.145,71
CBSNews,2018-09-29 07:33:03+00:00,Jesuit order's America magazine urges withdrawal of Kavanaugh nomination https://t.co/ZvwBtYZmIh https://t.co/QuHWamkv2v,0.0258,0.099,0.901,0.0,72
CBSNews,2018-09-29 07:18:03+00:00,"Bill Cosby sued for unpaid legal bills of $282,000 https://t.co/RgyLp3u0fX https://t.co/MsZu9iZ2J0",0.128,0.13,0.87,0.0,73
CBSNews,2018-09-29 07:03:03+00:00,Facebook: 90 million accounts could be at risk from hackers https://t.co/7dPrWsoDmn https://t.co/tUgSWnqqWd,-0.2732,0.0,0.84,0.16,74
CBSNews,2018-09-29 06:48:03+00:00,"Donald Trump Jr. mocks Christine Blasey Ford over ""selective fear of flying"" https://t.co/gfdQXKJaNg https://t.co/SdI7wkdBbK",-0.7351,0.0,0.659,0.341,75
CBSNews,2018-09-29 06:33:03+00:00,Search for Maine skydiving instructor who disappeared in tandem jump https://t.co/YfuRhwV4tv https://t.co/lUwRLNfTHA,-0.2263,0.0,0.853,0.147,76
CBSNews,2018-09-29 06:18:03+00:00,Pentagon's top enlisted service member suspended amid misconduct probe https://t.co/pGZdKiZO7q https://t.co/FtknkIdQdD,-0.3182,0.129,0.647,0.223,77
CBSNews,2018-09-29 06:03:03+00:00,All passengers and crew escape plane crash in Pacific island lagoon https://t.co/GBbxtk2wdC https://t.co/RG8lsl5o1R,-0.25,0.11,0.714,0.175,78
CBSNews,2018-09-29 05:48:03+00:00,Texas man executed for running over girlfriend in jealous rage https://t.co/7NUDe5sOLd https://t.co/Aq5uoTmDh1,-0.765,0.0,0.602,0.398,79
CBSNews,2018-09-29 05:33:04+00:00,Brett Kavanaugh wrongly claimed he could drink legally in Maryland in high school https://t.co/nTXphtyPYb https://t.co/hlvkeiteqj,0.1027,0.091,0.909,0.0,80
CBSNews,2018-09-29 05:18:04+00:00,Hurricane Rosa expected to increase California surf as Kirk drenches Caribbean https://t.co/tVxVNbpmSb https://t.co/FR5wOTJe54,0.3182,0.161,0.839,0.0,81
CBSNews,2018-09-29 05:03:03+00:00,"Klobuchar says if she acted like Kavanaugh in his courtroom, ""he would have thrown me out"" https://t.co/QiSdRRTfk6 https://t.co/MjBgtyCPDU",0.3612,0.128,0.872,0.0,82
CBSNews,2018-09-29 04:48:03+00:00,Possible last witness sought after body found believed to be missing boy with autism https://t.co/Fbf8QEgWCb https://t.co/bS6CAL8Vz7,-0.296,0.0,0.872,0.128,83
CBSNews,2018-09-29 04:33:02+00:00,Man diagnosed with world's first human case of rat disease hepatitis E https://t.co/MxnHjSOcqi https://t.co/Km7ZKZstIV,0.0,0.0,1.0,0.0,84
CBSNews,2018-09-29 04:18:03+00:00,Former Massachusetts state senator found dead before his corruption trial https://t.co/nUdCHJlQoO https://t.co/ALKYFdrKob,-0.6486,0.0,0.719,0.281,85
CBSNews,2018-09-29 04:03:03+00:00,"Trump orders FBI to conduct ""supplemental investigation"" into Kavanaugh allegations â€” live updatesâ€¦ https://t.co/C7CMG7L1Na",0.0,0.0,1.0,0.0,86
CBSNews,2018-09-29 04:00:28+00:00,"Michelle Obama urges voters to ""take their power back"" at registration rally https://t.co/XWIYXwORGl https://t.co/tHOw6OjoFY",0.0,0.0,1.0,0.0,87
CBSNews,2018-09-29 03:48:04+00:00,F-35B military plane crashes in coastal South Carolina https://t.co/kWU2OpjUcH https://t.co/hVzuEZiSAl,0.0,0.0,1.0,0.0,88
CBSNews,2018-09-29 03:33:02+00:00,Brett Kavanaugh's friend Mark Judge responds to Christine Blasey Ford testimony https://t.co/BONonEOp9u https://t.co/PhA0bfTQG4,0.4939,0.211,0.789,0.0,89
CBSNews,2018-09-29 03:18:03+00:00,IRS to retirees: Don't get caught by a tax surprise https://t.co/od7AL4oPvO https://t.co/P27NCbflWV,0.2732,0.174,0.826,0.0,90
CBSNews,2018-09-29 03:16:06+00:00,Judge's ruling enables Kentucky's last abortion clinic to stay open https://t.co/EV98PxpI6E https://t.co/tTlvV9zZcx,0.0,0.0,1.0,0.0,91
CBSNews,2018-09-29 03:09:58+00:00,Behind the scenes of Jeff Flake's decision to call for an FBI probe into Kavanaugh allegationsâ€¦ https://t.co/QGaLAQ9hcp,0.0,0.0,1.0,0.0,92
CBSNews,2018-09-29 03:03:03+00:00,"""Boofed,"" ""Devil's Triangle,"" ""FFFFFFourth of July"": How Brett Kavanaugh explained his yearbook jokesâ€¦ https://t.co/iFqsX2lu1f",0.0,0.0,1.0,0.0,93
CBSNews,2018-09-29 03:00:27+00:00,Body found of skydiving instructor who disappeared during tandem jump https://t.co/h9sbHelUNR https://t.co/lvbjSUjyul,-0.2263,0.0,0.853,0.147,94
CBSNews,2018-09-29 02:44:45+00:00,Oregon community honors delivery man with parade and statue https://t.co/kyD9VrnFKp https://t.co/xWVF5Nf0WE,0.5106,0.248,0.752,0.0,95
CBSNews,2018-09-29 02:24:30+00:00,"New trial ordered in ""Stairway to Heaven"" copyright lawsuit https://t.co/FmDORxM8i3 https://t.co/MadLtisjoV",0.34,0.232,0.634,0.134,96
CBSNews,2018-09-29 02:04:45+00:00,U.S. evacuates consulate in southern Iraq following attacks blamed on Iran-backed militias https://t.co/VdylB04PXO https://t.co/Ru73dqPHIo,-0.7184,0.0,0.667,0.333,97
CBSNews,2018-09-29 01:44:53+00:00,"""It was just surreal"": American describes being in plane that missed the runway https://t.co/Q1OgxUcE55 https://t.co/pPtAEftgEJ",-0.296,0.0,0.864,0.136,98
CBSNews,2018-09-29 01:25:03+00:00,SEC fraud suit against Elon Musk threatens to unravel Tesla https://t.co/1IztOmZNUC https://t.co/LPHirS9UhG,-0.7506,0.0,0.61,0.39,99
CBSNews,2018-09-29 01:04:30+00:00,Investigators search for clues after body believed to missing 6-year-old boy found https://t.co/WKpcxGEjn2 https://t.co/UZ25tWwzzp,-0.296,0.0,0.855,0.145,100
CNN,2018-09-30 02:00:13+00:00,"SiriusXM is buying Pandora in a $3.5 billion deal, which will create the world's largest audio entertainment companâ€¦ https://t.co/mHXQZC5D4q",0.5994,0.234,0.766,0.0,1
CNN,2018-09-30 01:00:08+00:00,Only these 8 states require sex education classes to mention consent https://t.co/joJ5Fkhkan https://t.co/3VmFDbGc5L,0.2263,0.147,0.853,0.0,2
CNN,2018-09-30 00:31:16+00:00,Hillary Clinton made a surprise appearance in the first episode of the 'Murphy Brown' revival -- playing a woman inâ€¦ https://t.co/CaXmdL9s9b,0.4404,0.187,0.813,0.0,3
CNN,2018-09-30 00:00:11+00:00,The attack on Facebook that exposed nearly 50 million users' information is the largest hack ever for the companyâ€¦ https://t.co/T2vOGRm0Ry,-0.5267,0.0,0.804,0.196,4
CNN,2018-09-29 23:11:11+00:00,North Carolina is among the 8 states that require sex education classes to mention consent. A map in an earlier tweâ€¦ https://t.co/GUCQpYwvBA,0.2263,0.091,0.909,0.0,5
CNN,2018-09-29 23:00:09+00:00,"A 13-year-old boy was attacked Saturday by a shark while diving for lobsters in waters off Encinitas, California, aâ€¦ https://t.co/jNMREHePwO",-0.4019,0.064,0.788,0.148,6
CNN,2018-09-29 22:45:07+00:00,"Alas, an asteroid shaped like a skull is NOT going to zip by Earth this Halloween https://t.co/Va32inAu8z https://t.co/fYHvcOm0Bt",0.1027,0.128,0.765,0.107,7
CNN,2018-09-29 22:30:11+00:00,"Nearly two years to the day after its inaugural march, thousands are expected to take to the streets again early neâ€¦ https://t.co/dzj1GMnykd",0.0,0.0,1.0,0.0,8
CNN,2018-09-29 22:00:10+00:00,"JUST IN: Elon Musk agrees to pay $20 million and quit as Tesla chairman in deal with SEC
https://t.co/SIweOPR39g https://t.co/fluv7kgynH",0.1027,0.085,0.849,0.066,9
CNN,2018-09-29 22:00:07+00:00,"Meet the ""Hurricane Cowboy"" who's rescuing animals in Florence's aftermath https://t.co/RkgzcXnl3A https://t.co/KgBHD2Pnbk",0.0,0.0,1.0,0.0,10
CNN,2018-09-29 21:46:03+00:00,Alyssa Milano says that while it was difficult to be in the room when Brett Kavanaugh and Christine Blasey Ford tesâ€¦ https://t.co/dBXUbdEekE,-0.3612,0.0,0.894,0.106,11
CNN,2018-09-29 21:28:04+00:00,Jeff Flake's moment: How a reliable conservative cast Brett Kavanaugh's Supreme Court confirmation into doubtâ€¦ https://t.co/wAvxOyw2ul,0.5574,0.205,0.795,0.0,12
CNN,2018-09-29 21:14:21+00:00,Watch a rare gulper eel change its shape right before your eyes -- a unique method it uses to intimidate predatorsâ€¦ https://t.co/HgiqqNBfto,-0.2023,0.0,0.913,0.087,13
CNN,2018-09-29 21:00:10+00:00,"The FBI has reached out to Deborah Ramirez, who has accused Brett Kavanaugh of inappropriate sexual behavior when tâ€¦ https://t.co/WEbuyKazm7",-0.2023,0.065,0.833,0.102,14
CNN,2018-09-29 20:31:05+00:00,Why the world's leaders may regret laughing at Donald Trump | By Nic Robertson for @CNNOpinionâ€¦ https://t.co/OSqC3AWTmf,0.1027,0.16,0.7,0.14,15
CNN,2018-09-29 20:00:31+00:00,"""What is... yes?"" A ""Jeopardy!"" contestant surprised his girlfriend with a marriage proposal https://t.co/65FSnOOE7M https://t.co/O5nJzZCYM8",0.2942,0.154,0.846,0.0,16
CNN,2018-09-29 19:31:06+00:00,"Ciham Ali Ahmed was imprisoned at 15 years old. Now six years later, her family says they don't know where she is oâ€¦ https://t.co/07xI3uUH7M",-0.4588,0.0,0.885,0.115,17
CNN,2018-09-29 19:00:30+00:00,"Itâ€™s a devastating scene, and the reality of so many parents addicted to drugs. @lisaling gives us a heartbreakingâ€¦ https://t.co/sXEhUoMmu6",-0.6486,0.0,0.798,0.202,18
CNN,2018-09-29 18:31:05+00:00,Only these 8 states require sex education classes to mention consent https://t.co/iEMukcvLni https://t.co/tSeUG8ez0x,0.2263,0.147,0.853,0.0,19
CNN,2018-09-29 18:00:36+00:00,"Called ""The Passion Diamond Shoes"", these gold and diamond-encrusted stilettos are believed to be the world's mostâ€¦ https://t.co/zjDnYO6jGI",0.6597,0.252,0.748,0.0,20
CNN,2018-09-29 17:30:38+00:00,"She learned to swim at age 50 and now has 271 medals. Oh, and she's blind. https://t.co/sSLpHYEdqC https://t.co/5iguBTXFez",-0.4019,0.0,0.863,0.137,21
CNN,2018-09-29 17:20:08+00:00,"Two police officers were killed in a shootout early Saturday in Brookhaven, Mississippi, a state official said. https://t.co/sWEwLdiMHf",-0.6705,0.0,0.769,0.231,22
CNN,2018-09-29 16:30:13+00:00,"A 33-year-old vet went to the VA for help. Hours later, he took his own life. https://t.co/Fv9cfLdrE9",0.4019,0.153,0.847,0.0,23
CNN,2018-09-29 16:00:10+00:00,At least 384 are dead and hundreds injured after a tsunami and earthquake in Indonesia https://t.co/6QMEFJopLb https://t.co/IYCYKfCIUU,-0.7906,0.0,0.667,0.333,24
CNN,2018-09-29 15:46:07+00:00,"Leland Ingham Keyser, a friend of Christine Blasey Ford, is not refuting Ford's allegation and will cooperate withâ€¦ https://t.co/TJafi07Kia",0.4939,0.158,0.842,0.0,25
CNN,2018-09-29 15:17:19+00:00,Typhoon Trami is unleashing heavy winds and rain on southern Japan as it slowly marches toward the nation's main isâ€¦ https://t.co/6mrQrfOpXW,0.0,0.0,1.0,0.0,26
CNN,2018-09-29 14:01:06+00:00,"A Mediterranean diet -- rich in vegetables, fruits, nuts and fish -- could help lower a person's risk of depressionâ€¦ https://t.co/qsWWdCkbp1",0.1779,0.234,0.52,0.245,27
CNN,2018-09-29 13:46:06+00:00,Shockwaves from the massive bombing raids during World War II reached the edge of space and weakened the Earth's upâ€¦ https://t.co/8KgMQNawGx,-0.7003,0.055,0.703,0.242,28
CNN,2018-09-29 13:31:00+00:00,Former presidential candidate Hillary Clinton made a surprise appearance in the first episode of the 'Murphy Brown'â€¦ https://t.co/4LW4920YfF,0.2732,0.116,0.884,0.0,29
CNN,2018-09-29 13:16:03+00:00,"Is Emmanuel Macron the new Tony Blair -- lauded abroad, mocked at home? | Analysis by CNN's Melissa Bellâ€¦ https://t.co/Qss2RgsvMs",-0.3182,0.0,0.887,0.113,30
CNN,2018-09-29 13:01:12+00:00,"A dog lost part of her skull to cancer, so researchers 3D-printed a plate to replace it https://t.co/SxpvzKORbT https://t.co/UESQOryY0Y",-0.7717,0.0,0.691,0.309,31
CNN,2018-09-29 12:46:06+00:00,"""Millions of Americans could follow live something that looked like a search for truth, but only on the surface. ..â€¦ https://t.co/nAkVIZdR96",0.34,0.159,0.841,0.0,32
CNN,2018-09-29 12:31:00+00:00,A long-lost warship has been discovered off the coast of China after an extensive hunt to track down relics from frâ€¦ https://t.co/NLz9VFBdx5,-0.1779,0.0,0.922,0.078,33
CNN,2018-09-29 12:16:05+00:00,One of the women who confronted Sen. Jeff Flake in a Capitol elevator Friday said she hopes other Republican senatoâ€¦ https://t.co/GL6sJnfjpG,0.25,0.124,0.796,0.08,34
CNN,2018-09-29 12:00:24+00:00,"Instagram-friendly food. Yes, please. #NoFilter. Travel to Asturias, Spain on an all-new #PartsUnknown, Sunday at 9â€¦ https://t.co/4uAoNu4idr",0.6124,0.25,0.75,0.0,35
CNN,2018-09-29 11:46:03+00:00,Jeff Flake's moment: How a reliable conservative cast Brett Kavanaugh's Supreme Court confirmation into doubtâ€¦ https://t.co/DIRC09z8tk,0.5574,0.205,0.795,0.0,36
CNN,2018-09-29 11:31:00+00:00,Meet DJ Switch: A 10-year-old girl from Ghana who wants to be a gynecologist when she grows up. Erica Armah Bra-Bulâ€¦ https://t.co/PyxMF661f6,0.0,0.0,1.0,0.0,37
CNN,2018-09-29 11:16:02+00:00,An American flag shown on a livestream as it was shredded by the fury of Hurricane Florence is being auctioned to hâ€¦ https://t.co/8WsJqWsBnN,-0.5719,0.0,0.85,0.15,38
CNN,2018-09-29 11:01:05+00:00,Cutting-edge research on an ancient mummy shows that Egyptians were embalming bodies in prehistoric times https://t.co/GwmUQHSQW0,0.0,0.0,1.0,0.0,39
CNN,2018-09-29 11:01:00+00:00,This Ohio town celebrated Christmas a few months early this year for a 2-year-old with brain cancerâ€¦ https://t.co/FIO0Ia2eWO,0.5719,0.198,0.802,0.0,40
CNN,2018-09-29 10:46:02+00:00,"An estimated 80,000 Americans died of flu and its complications last winter, the CDC says, making it the deadliestâ€¦ https://t.co/S9vUosYzPB",-0.7351,0.0,0.744,0.256,41
CNN,2018-09-29 10:31:00+00:00,SiriusXM is buying Pandora in a $3.5 billion all-stock deal. The deal will create the world's largest audio entertaâ€¦ https://t.co/pBImRwJDun,0.2732,0.104,0.896,0.0,42
CNN,2018-09-29 10:16:23+00:00,4-year-old Florence didn't like sharing her name with a bad hurricane. So she did something about it.â€¦ https://t.co/xyubP5kQJJ,-0.7871,0.0,0.638,0.362,43
CNN,2018-09-29 10:01:03+00:00,"A newly discovered dinosaur species that's believed to have weighed 26,000 pounds was the largest land animal of itâ€¦ https://t.co/9ECuIOr32E",0.0,0.0,1.0,0.0,44
CNN,2018-09-29 09:46:06+00:00,A health crisis turned this Trump voter into a Democrat supporter https://t.co/6fbxhN0Gq3 https://t.co/Pa6ykEVDGy,-0.4588,0.138,0.592,0.27,45
CNN,2018-09-29 09:31:00+00:00,"This 7-year-old girl wowed a crowd with a stunning rendition of the ""Star-Spangled Banner"" https://t.co/pSUda8DlDK",0.7351,0.36,0.64,0.0,46
CNN,2018-09-29 09:16:04+00:00,"Researchers used a gene editing tool to wipe out a population of malaria-carrying mosquitoes in a lab, raising theâ€¦ https://t.co/8CBwo1R2MV",0.0,0.0,1.0,0.0,47
CNN,2018-09-29 09:01:04+00:00,Here's what Jeff Flake just did -- and what it means for Brett Kavanaugh | Analysis by @CillizzaCNNâ€¦ https://t.co/JCySrc71ZI,0.0,0.0,1.0,0.0,48
CNN,2018-09-29 08:46:05+00:00,Tom Hanks is ready to be your neighbor -- as Mister Rogers in an upcoming and as-yet-untitled film about the childrâ€¦ https://t.co/7eSkMCA6HC,0.3612,0.106,0.894,0.0,49
CNN,2018-09-29 08:32:00+00:00,Rescuers scrambled to find survivors after a powerful earthquake hit the Indonesian island of Sulawesi and triggereâ€¦ https://t.co/7RA9NcPQgT,0.4215,0.149,0.851,0.0,50
CNN,2018-09-29 08:31:00+00:00,Watch a rare gulper eel change its shape right before your eyes -- a unique method it uses to intimidate predatorsâ€¦ https://t.co/nzC3Cnofq9,-0.2023,0.0,0.913,0.087,51
CNN,2018-09-29 08:16:02+00:00,The first case of rat hepatitis E has been discovered in a human https://t.co/lvjXReLtiT https://t.co/lX83xliAkt,0.0,0.0,1.0,0.0,52
CNN,2018-09-29 08:01:06+00:00,"He was the only one in his family to survive the Holocaust, and he's pushing Oregon state legislators to mandate thâ€¦ https://t.co/WzvGKIqO9Q",0.0,0.0,1.0,0.0,53
CNN,2018-09-29 07:46:06+00:00,"With six months to go before Britain formally leaves the European Union, Brexit has never looked more baffling | Anâ€¦ https://t.co/LyMCpo7ZsR",0.0,0.0,1.0,0.0,54
CNN,2018-09-29 07:31:00+00:00,"She learned to swim at age 50 and now has 271 medals. Oh, and she's blind. https://t.co/6aE9ZfLp25 https://t.co/enpatLCJkN",-0.4019,0.0,0.863,0.137,55
CNN,2018-09-29 07:16:06+00:00,"China challenges Trump, saying the country will not be ""blackmailed or yield to pressure"" on tradeâ€¦ https://t.co/gioWFMYrzQ",-0.2263,0.07,0.811,0.119,56
CNN,2018-09-29 07:06:02+00:00,Residents in a community north of St. Louis got some news this week they've long wanted to hear. Radioactive materiâ€¦ https://t.co/iKftNAfkCR,0.0,0.0,1.0,0.0,57
CNN,2018-09-29 07:01:07+00:00,"Scientists may have uncovered an entire new whale species that lived millions of years ago. 

Bones found at a landâ€¦ https://t.co/CPEci8kHtP",0.0,0.0,1.0,0.0,58
CNN,2018-09-29 06:46:02+00:00,Alexandria Ocasio-Cortez and Bernie Sanders are two of the biggest names in Democratic politics. Watch The Point wiâ€¦ https://t.co/LU0hTZLkS6,0.0,0.0,1.0,0.0,59
CNN,2018-09-29 06:31:00+00:00,"Called ""The Passion Diamond Shoes"", these gold and diamond-encrusted stilettos are believed to be the world's mostâ€¦ https://t.co/SlWbYMBAVM",0.6597,0.252,0.748,0.0,60
CNN,2018-09-29 06:21:01+00:00,Federal prosecutors will seek the death penalty against the suspect in New York's deadliest terror incident since 9â€¦ https://t.co/ThwUJ8LqTj,-0.91,0.0,0.545,0.455,61
CNN,2018-09-29 06:16:04+00:00,"76% percent of registered voters say that Supreme Court appointments are ""very important"" to their vote in 2018, aâ€¦ https://t.co/nFA4qx6dBP",0.6901,0.24,0.76,0.0,62
CNN,2018-09-29 06:06:04+00:00,"""I wanted him to be a hero,"" says one of the women who confronted Arizona Sen. Jeff Flake in a Capitol elevator https://t.co/lmupJy9O9D",-0.2023,0.0,0.917,0.083,63
CNN,2018-09-29 06:01:05+00:00,"Ted Turner is battling Lewy body dementia, the CNN founder revealed in an interview that will air over the weekendâ€¦ https://t.co/lujykXCSWx",-0.2732,0.0,0.905,0.095,64
CNN,2018-09-29 06:01:00+00:00,"A woman who's paralyzed from the chest down can now consciously control her ability to walk, researchers say, thankâ€¦ https://t.co/6Ok6iqysN1",0.3182,0.113,0.887,0.0,65
CNN,2018-09-29 05:53:02+00:00,US elections observers in a fiercely-contested state governor election in Nigeria say they witnessed what appearedâ€¦ https://t.co/bJkSuLEhuW,0.0,0.0,1.0,0.0,66
CNN,2018-09-29 05:46:02+00:00,Stepping into this Seoul cafe feels like entering the black-and-white world of a cartoon https://t.co/fKJfO91Bp0 viâ€¦ https://t.co/pX1D1hCjb7,0.3612,0.143,0.857,0.0,67
CNN,2018-09-29 05:46:00+00:00,300 glowing drones illuminate the night sky in this choreographed spectacle https://t.co/B2RhWYaYzt https://t.co/u55NzjyaCD,0.0,0.0,1.0,0.0,68
CNN,2018-09-29 05:31:00+00:00,Watch a seal slap a kayaker in the face -- with an octopus: https://t.co/o5zJ8GhVv8 https://t.co/DpY14vwL6v,0.1531,0.118,0.882,0.0,69
CNN,2018-09-29 05:27:37+00:00,"â€œI am tired of the daily chaos, the pettiness, the meanness that too often dominates the political discourse. We alâ€¦ https://t.co/QvRbz5c5qZ",-0.7506,0.047,0.698,0.256,70
CNN,2018-09-29 05:16:07+00:00,Half of the world's killer whales could be wiped out before the end of the century -- and it's because of pollutionâ€¦ https://t.co/rAgxDbsEJ6,-0.6486,0.0,0.837,0.163,71
CNN,2018-09-29 05:03:25+00:00,At least 48 people are dead and more than 350 injured after a series of earthquakes and a tsunami hit the Indonesiaâ€¦ https://t.co/RwzaqL0XIV,-0.8055,0.0,0.723,0.277,72
CNN,2018-09-29 05:01:08+00:00,"Limiting kids' recreational screen time to less than 2 hours a day, along with sufficient sleep and physical activiâ€¦ https://t.co/iRAX2JJTQD",0.0,0.0,1.0,0.0,73
CNN,2018-09-29 04:51:05+00:00,11 state lawmakers in Maryland have asked Montgomery County law enforcement officials to investigate the 36-year-olâ€¦ https://t.co/uTbEB6D1nr,0.0,0.0,1.0,0.0,74
CNN,2018-09-29 04:46:06+00:00,A half-hearted cheer for Jeff Flake | By Noah Berlatsky via @CNNOpinion https://t.co/3kHtzmYg4O https://t.co/YGFg5fMJm1,0.5106,0.231,0.769,0.0,75
CNN,2018-09-29 04:31:00+00:00,"""What is... yes?"" A ""Jeopardy!"" contestant surprised his girlfriend with a marriage proposal https://t.co/tey6M6LEfv https://t.co/qTnnGcWILe",0.2942,0.154,0.846,0.0,76
CNN,2018-09-29 04:16:02+00:00,"Two young children died in separate incidents after being left alone in hot cars Friday in Florida, police saidâ€¦ https://t.co/6aeNr8t73L",-0.6808,0.0,0.763,0.237,77
CNN,2018-09-29 03:46:05+00:00,"LeBron James' HBO documentary ""Student Athlete"" indicts the NCAA | By CNN's Brian Lowry 
 https://t.co/VDeFOmjHcf https://t.co/MDLnHlRiKD",0.0,0.0,1.0,0.0,78
CNN,2018-09-29 03:31:05+00:00,Jeff Flake's moment: How a reliable conservative cast Brett Kavanaugh's Supreme Court confirmation into doubtâ€¦ https://t.co/RYoI1Yd4i8,0.5574,0.205,0.795,0.0,79
CNN,2018-09-29 03:16:06+00:00,"This part of the brain holds the key to Ford's memory | By Robert M. Sapolsky, a professor of biology, neurology anâ€¦ https://t.co/NOTPOuOOua",0.0,0.0,1.0,0.0,80
CNN,2018-09-29 03:05:07+00:00,"RT @CNNTonight: Samantha Guerry says her longtime friend, Christine Blasey Ford says ""there's [political] agendas on both sides. The one peâ€¦",0.4939,0.138,0.862,0.0,81
CNN,2018-09-29 03:01:09+00:00,Israeli Prime Minister Benjamin Netanyahu would not commit to a two-state solution to Israel's ongoing conflict witâ€¦ https://t.co/GIHnLu5tfK,-0.2235,0.112,0.683,0.204,82
CNN,2018-09-29 02:56:17+00:00,An American flag shown on a livestream as it was shredded by the fury of Hurricane Florence is being auctioned to hâ€¦ https://t.co/EE4Y8denkj,-0.5719,0.0,0.85,0.15,83
CNN,2018-09-29 02:53:08+00:00,"RT @CuomoPrimeTime: .@chriscuomo on a surprising end to a turbulent week: 

If senators could make something happen on an issue so ugly andâ€¦",-0.4838,0.083,0.75,0.167,84
CNN,2018-09-29 02:52:50+00:00,"RT @CNNTonight: Samantha Guerry, a longtime friend of Christine Blasey Ford tells CNN's @DonLemon that the order for the FBI to investigateâ€¦",0.4939,0.138,0.862,0.0,85
CNN,2018-09-29 02:46:07+00:00,"Washington's wild, unresolved week https://t.co/f79x6WHY6u https://t.co/W16MFofw5O",0.0,0.0,1.0,0.0,86
CNN,2018-09-29 02:31:02+00:00,Residents in a community north of St. Louis got some news this week they've longed wanted to hear. Radioactive mateâ€¦ https://t.co/qCT8VjWfF0,0.0,0.0,1.0,0.0,87
CNN,2018-09-29 02:16:07+00:00,"""Millions of Americans could follow live something that looked like a search for truth, but only on the surface. ..â€¦ https://t.co/81quaeom0L",0.34,0.159,0.841,0.0,88
CNN,2018-09-29 02:14:20+00:00,"RT @OutFrontCNN: Deborah Ford Peters, Christine Blasey Ford's sister-in-law on Kavanaugh: ""I felt like he was extremely defensive even to tâ€¦",0.4391,0.17,0.83,0.0,89
CNN,2018-09-29 02:01:09+00:00,"A federal judge in Washington, DC, ruled that a lawsuit brought by more than 200 Democrats in Congress against Presâ€¦ https://t.co/R7e0jYZGYY",-0.2263,0.0,0.905,0.095,90
CNN,2018-09-29 02:01:00+00:00,Meet DJ Switch: A 10-year-old girl from Ghana who wants to be a gynecologist when she grows up. Erica Armah Bra-Bulâ€¦ https://t.co/YKb5O9WgfJ,0.0,0.0,1.0,0.0,91
CNN,2018-09-29 01:59:49+00:00,RT @CuomoPrimeTime: Democrat @ChrisCoons describes the dramatic private conversation he had with Sen. Flake leading to an agreement for anâ€¦,0.4939,0.144,0.856,0.0,92
CNN,2018-09-29 01:59:30+00:00,"RT @CuomoPrimeTime: Former Yale classmate of Brett Kavanaugh, Liz Swisher, describes him as â€œone of the beer drinking boys,â€ saying she nevâ€¦",0.0,0.0,1.0,0.0,93
CNN,2018-09-29 01:53:03+00:00,"Ted Turner is battling Lewy body dementia, the CNN founder revealed in an interview that will air over the weekendâ€¦ https://t.co/8im8iY4DQf",-0.2732,0.0,0.905,0.095,94
CNN,2018-09-29 01:49:50+00:00,The last abortion clinic in Kentucky can stay open after a federal judge threw out a state law on licensing agreemeâ€¦ https://t.co/O66Qb5GYLf,0.0,0.0,1.0,0.0,95
CNN,2018-09-29 01:45:46+00:00,"At least one person died and 10 were injured, according to Indonesia's Disaster Management Agency, after a series oâ€¦ https://t.co/JcvcWBAGNM",-0.886,0.0,0.606,0.394,96
CNN,2018-09-29 01:41:05+00:00,"He was the only one in his family to survive the Holocaust, and he's pushing Oregon state legislators to mandate thâ€¦ https://t.co/m8GZOV5qml",0.0,0.0,1.0,0.0,97
CNN,2018-09-29 01:36:00+00:00,300 glowing drones illuminate the night sky in this choreographed spectacle https://t.co/B2RhWXTnHV https://t.co/z279VXXjjS,0.0,0.0,1.0,0.0,98
CNN,2018-09-29 01:31:06+00:00,McDonald's is removing artificial additives from its burgers https://t.co/XiawloGSkD https://t.co/WPCdJlq4pS,0.0,0.0,1.0,0.0,99
CNN,2018-09-29 01:26:00+00:00,SiriusXM is buying Pandora in a $3.5 billion all-stock deal. The deal will create the world's largest audio entertaâ€¦ https://t.co/ttyGjlJI28,0.2732,0.104,0.896,0.0,100
Foxnews,2018-09-30 02:10:00+00:00,Barrier collapse at Global Citizen Festival in Central Park sends thousands into panic. https://t.co/i5yniv2hnA,-0.5859,0.151,0.472,0.377,1
Foxnews,2018-09-30 02:05:00+00:00,Joshua Rogers: I tried to help two hostages escape terrorists. Here's what happened. (via @FoxNewsOpinion) https://t.co/01x6GfgGnC,-0.1779,0.215,0.585,0.2,2
Foxnews,2018-09-30 02:03:23+00:00,.@POTUS arrives at Andrews Air Force Base after a rally in West Virginia.  https://t.co/HfnB2iPbHU,0.0,0.0,1.0,0.0,3
Foxnews,2018-09-30 02:00:00+00:00,"Washington man gets prison for overharvesting sea cucumbers.
https://t.co/zx7hhdTHcs",-0.5106,0.0,0.708,0.292,4
Foxnews,2018-09-30 01:55:35+00:00,"David Wright walks off to long ovation in farewell game with the Mets.
https://t.co/0Tkgd7uvrF",0.0,0.0,1.0,0.0,5
Foxnews,2018-09-30 01:43:00+00:00,"SUNDAY: Don't miss Kentucky Gov. @MattBevin on ""Life, Liberty and Levin"" hosted by @marklevinshow. Tune in at 11p Eâ€¦ https://t.co/pBAGl2huuZ",0.5919,0.212,0.788,0.0,6
Foxnews,2018-09-30 01:40:00+00:00,Sen. @LindseyGrahamSC says McCain's anger at Kavanaugh hearing 'would have made me look like a choir boy' https://t.co/YYpdwDLimf,-0.296,0.118,0.708,0.175,7
Foxnews,2018-09-30 01:30:00+00:00,"Shark attacks spark concern for Cape Cod beachgoers: 'They're eating our children'
https://t.co/ABVyrQGBj9",-0.25,0.12,0.696,0.184,8
Foxnews,2018-09-30 01:20:00+00:00,"Texas Senate race between @TedCruz, @BetoORourke generating excitement, boosting congressional races. https://t.co/mW9O5UiY4G",0.6808,0.359,0.641,0.0,9
Foxnews,2018-09-30 01:16:59+00:00,"Rep. @DevinNunes: ""When you take a Supreme Court justice, and you have senators talking about high school yearbooksâ€¦ https://t.co/Mi5ENqhUGo",0.7906,0.304,0.696,0.0,10
Foxnews,2018-09-30 01:11:31+00:00,".@JudgeJeanine: ""The establishment Republicans have buckled, caved and bowed to the Democrats."" https://t.co/bR7nbTuMe4",0.0,0.0,1.0,0.0,11
Foxnews,2018-09-30 01:05:00+00:00,"Speaking with reporters at the @WhiteHouse before his departure to West Virginia for a rally Saturday, Presidentâ€¦ https://t.co/jcHMMhpEsu",0.0,0.0,1.0,0.0,12
Foxnews,2018-09-30 00:55:00+00:00,"Russia, North Korea use UN General Assembly to blast US. https://t.co/xikiCMnDe5",0.0,0.0,1.0,0.0,13
Foxnews,2018-09-30 00:51:15+00:00,".@SebGorka: ""This is politics in 2018 and it should disgust all Americans."" @WattersWorld https://t.co/9nGcz8FNzN",-0.5994,0.0,0.769,0.231,14
Foxnews,2018-09-30 00:46:54+00:00,"Trump defends Kavanaugh, derides Dems for shameful conduct and socialist shift during West Virginia rally. https://t.co/qQm4MwmD95",-0.6369,0.0,0.729,0.271,15
Foxnews,2018-09-30 00:42:04+00:00,".@POTUS: ""Together we are taking back our country, and returning power to where it belongsâ€”to the American people.""â€¦ https://t.co/zSGySvpSJk",0.0,0.0,1.0,0.0,16
Foxnews,2018-09-30 00:30:33+00:00,".@POTUS on North Korea: ""Now we have this great relationship, let's see what happens."" https://t.co/Hb6tsSeyTI https://t.co/q0AqhZB80g",0.7073,0.245,0.755,0.0,17
Foxnews,2018-09-30 00:22:19+00:00,".@POTUS on trade: ""China, we're taking them on very strongly. First time ever."" https://t.co/Hb6tsSeyTI https://t.co/h0fKLMScW6",0.3384,0.146,0.854,0.0,18
Foxnews,2018-09-30 00:18:09+00:00,".@POTUS: ""Republicans believe America should be a sanctuary for law abiding Americans, not criminal aliens.""â€¦ https://t.co/DukJfuysuc",0.4168,0.165,0.835,0.0,19
Foxnews,2018-09-30 00:12:00+00:00,"TOMORROW: @benshapiro breaks down the Kavanaugh accusations, the hearings and D.C. hypocrisy on the second editionâ€¦ https://t.co/fwJI1D3sLY",-0.3182,0.0,0.874,0.126,20
Foxnews,2018-09-30 00:08:49+00:00,".@POTUS on Sen. @CoryBooker: ""He ran Newark, New Jersey, into the ground and now he wants to be president.""â€¦ https://t.co/TF1FLbmPKZ",0.0,0.0,1.0,0.0,21
Foxnews,2018-09-30 00:02:10+00:00,".@POTUS on the border wall: ""We're building it...we'll get it finished."" https://t.co/IBcnOJrLHo",0.0,0.0,1.0,0.0,22
Foxnews,2018-09-29 23:41:58+00:00,".@POTUS: ""A vote to confirm Judge Kavanaugh is a vote to confirm one of the most accomplished legal minds of our tiâ€¦ https://t.co/YJqvAitmI1",0.6087,0.199,0.801,0.0,23
Foxnews,2018-09-29 23:36:35+00:00,".@POTUS on @SenFeinstein's response that she didn't leak the Ford document: ""That was really bad body language. Whoâ€¦ https://t.co/v5mi6skXKo",-0.4131,0.089,0.745,0.166,24
Foxnews,2018-09-29 23:31:15+00:00,".@POTUS: ""America is winning again and America is respected again."" https://t.co/Hb6tsSeyTI https://t.co/ICF0xKg7Da",0.7579,0.394,0.606,0.0,25
Foxnews,2018-09-29 23:22:15+00:00,.@POTUS holds a rally in West Virginia. https://t.co/SLhMJLDbjm https://t.co/XZtJHSYDmu,0.0,0.0,1.0,0.0,26
Foxnews,2018-09-29 23:20:00+00:00,"NEW: White House instructs FBI to question first two Kavanaugh accusers, but not the third, according to a report. https://t.co/labjueHstw",0.0,0.0,1.0,0.0,27
Foxnews,2018-09-29 23:15:00+00:00,"North Carolina residents should avoid Florence-affected waters, officials say. https://t.co/OJtMuNGD58",-0.296,0.0,0.804,0.196,28
Foxnews,2018-09-29 23:09:06+00:00,"'It Was Heartbreaking': Friend of Kavanaugh Reacts to Hearings, FBI Probe. https://t.co/ZDOJPImbEz",0.4939,0.225,0.775,0.0,29
Foxnews,2018-09-29 22:52:00+00:00,.@kayleighmcenany: Kavanaugh horror show is what Washington will look like if Democrats take back power. (viaâ€¦ https://t.co/tj5Ljdexr2,-0.296,0.118,0.708,0.175,30
Foxnews,2018-09-29 22:45:00+00:00,Canadian womanâ€™s text to the wrong number brings a kind stranger to family wake. https://t.co/ImY62ql3MG,0.1531,0.25,0.585,0.165,31
Foxnews,2018-09-29 22:35:00+00:00,"Indiana couple whose baby died after ingesting meth arrested, charged with neglect, police say. https://t.co/fjoqRvCOS5",-0.8885,0.0,0.489,0.511,32
Foxnews,2018-09-29 22:25:00+00:00,'Don't Lie to Me': Barbra Streisand Blasts President Trump in Song Off 'Walls' Album. https://t.co/3lrA4P2bTX,0.0,0.0,1.0,0.0,33
Foxnews,2018-09-29 22:19:40+00:00,"Texas man reportedly attacked by two pit bulls loses both ears, graphic photos show. https://t.co/ZjnxT3fvdu",-0.6486,0.0,0.71,0.29,34
Foxnews,2018-09-29 22:07:00+00:00,FBI contacts 2nd Kavanaugh accuser; Trump says extra scrutiny may be 'blessing in disguise' https://t.co/fhFraiQleR,0.296,0.176,0.714,0.11,35
Foxnews,2018-09-29 22:05:53+00:00,"JUST IN: Elon Musk to step down as chairman of @Tesla, pay $20M in penalties in SEC settlement. https://t.co/oBC45qnEAB",-0.1027,0.0,0.928,0.072,36
Foxnews,2018-09-29 22:05:00+00:00,SUNDAY: Fox News goes inside the Kavanaugh nomination and next steps. Tune in for live coverage starting at 9p ET. https://t.co/K7ydliMVic,0.0,0.0,1.0,0.0,37
Foxnews,2018-09-29 21:59:00+00:00,SUNDAY: Don't miss @PressSec's exclusive interview on @FoxNewsSunday. Check your local listings and tune in at 2p aâ€¦ https://t.co/WEQfex0AEE,0.0191,0.073,0.858,0.069,38
Foxnews,2018-09-29 21:52:43+00:00,"Season 7 of 'Last Man Standing' debuts on new network, Fox, to big Friday-night ratings. https://t.co/VIkrurfqVs",0.0,0.0,1.0,0.0,39
Foxnews,2018-09-29 21:40:00+00:00,".@POTUS: ""I would like to find out as part of [the FBI investigation] who leaked the papers."" https://t.co/fDY5XEezMK",0.0516,0.12,0.769,0.111,40
Foxnews,2018-09-29 21:35:00+00:00,".@POTUS on FBI investigation into Judge Kavanaugh: ""Having them do a thorough investigation, I actually think willâ€¦ https://t.co/l9N96G72yC",0.0,0.0,1.0,0.0,41
Foxnews,2018-09-29 21:29:56+00:00,".@POTUS on Kavanaugh: ""He's a good man. He's a great judge."" https://t.co/qjDPyRwY8V",0.7906,0.467,0.533,0.0,42
Foxnews,2018-09-29 21:24:58+00:00,".@POTUS on FBI investigation into Judge Kavanaugh: ""They have free rein. They're going to do whatever they have toâ€¦ https://t.co/7MMrhrYxXB",0.5106,0.148,0.852,0.0,43
Foxnews,2018-09-29 21:16:22+00:00,.@POTUS departs Andrews Air Force Base en route to a rally in West Virginia. Tune in to Fox News Channel for LIVE câ€¦ https://t.co/FsoyIf4wqJ,0.0,0.0,1.0,0.0,44
Foxnews,2018-09-29 21:06:02+00:00,.@SteveHiltonx: Kavanaugh hearing shows divisive Democrats must be defeated before they destroy America. (viaâ€¦ https://t.co/dQzAyuDwhp,-0.765,0.0,0.663,0.337,45
Foxnews,2018-09-29 20:55:44+00:00,"The 7.5 magnitude earthquake in Indonesia triggered a massive tsunami, leaving at least 300 dead.â€¦ https://t.co/mn4rkG4MBB",0.0,0.0,1.0,0.0,46
Foxnews,2018-09-29 20:50:42+00:00,"NYC airport workers to earn nation's highest minimum wage.
https://t.co/og3aG0vfp0",0.0,0.0,1.0,0.0,47
Foxnews,2018-09-29 20:43:46+00:00,"Lindsay Lohan gets punched in the face after accusing refugee parents of trafficking, trying to take the kids. https://t.co/NnLJMQhAAL",-0.1779,0.0,0.914,0.086,48
Foxnews,2018-09-29 20:27:13+00:00,Dog in Virginia possibly 'clawed' its way out of plastic bag prior to rescue. https://t.co/gvv7K7w1K0,0.5106,0.191,0.809,0.0,49
Foxnews,2018-09-29 20:16:08+00:00,"New details: Boy, 13, attacked by shark in San Diego County during diving trip, suffers serious injuries. https://t.co/HW7WjVPreE",-0.7269,0.057,0.617,0.326,50
Foxnews,2018-09-29 20:00:41+00:00,Sen. @JeffFlake defends call for Kavanaugh delay: 'We're coming apart at the seams' https://t.co/2mhgYVqgwO,-0.3182,0.0,0.85,0.15,51
Foxnews,2018-09-29 19:52:00+00:00,Two police officers killed after shootout in Mississippi. https://t.co/rHXSCtvOQA,-0.6705,0.0,0.64,0.36,52
Foxnews,2018-09-29 19:45:20+00:00,"BREAKING: FBI contacts second Kavanaugh accuser, Deborah Ramirez, as part of newly authorized investigation. https://t.co/l52xQrtZyJ",0.0,0.0,1.0,0.0,53
Foxnews,2018-09-29 19:37:57+00:00,".@VP Mike Pence takes the stage with his son, @USMC 1st Lt. Michael Pence (left), who was among seven aviators earnâ€¦ https://t.co/SAsar44Tgy",0.0,0.0,1.0,0.0,54
Foxnews,2018-09-29 19:22:40+00:00,Florida woman arrested in hot-car death of 1-year-old daughter. https://t.co/Frl2V2NtRx,-0.7906,0.0,0.533,0.467,55
Foxnews,2018-09-29 19:09:22+00:00,.@JohnFund: Kavanaugh debate is exactly why our founders thought early voting was a bad idea. (via @FoxNewsOpinion) https://t.co/pcmEty1SXe,-0.5423,0.0,0.821,0.179,56
Foxnews,2018-09-29 18:54:21+00:00,North Korea agrees to dismantle nuclear site if U.S. reduces ground forces in South Korea. https://t.co/wh2tz8WlrY https://t.co/cpHr75SfxS,0.2023,0.101,0.899,0.0,57
Foxnews,2018-09-29 18:42:00+00:00,"SUNDAY: Don't miss Kentucky Gov. @MattBevin on ""Life, Liberty and Levin"" hosted by @marklevinshow. Tune in at 11p Eâ€¦ https://t.co/s3iuLjWduD",0.5919,0.212,0.788,0.0,58
Foxnews,2018-09-29 18:40:00+00:00,"Sarah Palin's eldest son, Track, arrested on domestic violence charges, police say. https://t.co/cK8MSHsAoh",-0.8519,0.0,0.518,0.482,59
Foxnews,2018-09-29 18:30:59+00:00,Facebook announced nearly 50 million accounts were exposed during a major security breach. @Jeff_Journalist reportsâ€¦ https://t.co/FQtuYGxQ1P,0.2732,0.144,0.778,0.078,60
Foxnews,2018-09-29 18:20:00+00:00,"Boy, 13, attacked by shark in San Diego County during diving trip, suffers serious injuries. https://t.co/HW7WjVPreE",-0.7269,0.063,0.58,0.357,61
Foxnews,2018-09-29 18:14:00+00:00,"TONIGHT: @POTUS holds a rally in Wheeling, West Virginia at 7p ET. Tune in to Fox News Channel for LIVE coverage. https://t.co/FBWGoxLf2Y",0.0,0.0,1.0,0.0,62
Foxnews,2018-09-29 18:07:00+00:00,North Korean foreign minister says country will never disarm nuclear weapons without trust in US https://t.co/qfB66jzgL3,-0.0762,0.126,0.733,0.141,63
Foxnews,2018-09-29 18:00:00+00:00,Kanye West announces his new name is 'Ye' ahead of 'SNL' appearance https://t.co/cQJMFSHF4e,0.0,0.0,1.0,0.0,64
Foxnews,2018-09-29 17:55:00+00:00,Joanna Gaines and Jenna Bush Hager attend Reese Witherspoon's book launch in Texas https://t.co/VHNMtBFdGD,0.0,0.0,1.0,0.0,65
Foxnews,2018-09-29 17:50:00+00:00,"This Texas man and his ""backup dancers"" were never out of step with each other. https://t.co/ltcHo8yDWn",0.0,0.0,1.0,0.0,66
Foxnews,2018-09-29 17:40:00+00:00,"REFRESHING: Thunder, a dog in Illinois, has upgraded from a water bowl. This clever pooch gets water straight fromâ€¦ https://t.co/yassu7iQ3h",0.6597,0.252,0.748,0.0,67
Foxnews,2018-09-29 17:36:52+00:00,Cassidy: FBI Should Investigate Dems' Efforts to Delay Kavanaugh Confirmation https://t.co/uGQtDmZ7QV,-0.3182,0.0,0.813,0.187,68
Foxnews,2018-09-29 17:35:00+00:00,LOOK: Pelosi Calls Republicans 'Despicable' in Misleading Fundraising Email https://t.co/jkYCNrIvvN,-0.4019,0.0,0.769,0.231,69
Foxnews,2018-09-29 17:30:00+00:00,SEAL SLAP: A kayaker in New Zealand had a surprise visitor â€” who smacked him with an octopus. https://t.co/Wj71D7kK8u,0.5319,0.24,0.76,0.0,70
Foxnews,2018-09-29 17:23:00+00:00,Canadian womanâ€™s text to the wrong number brings a kind stranger to family wake https://t.co/ImY62q3sV8,0.1531,0.25,0.585,0.165,71
Foxnews,2018-09-29 17:15:00+00:00,".@MichelleObama: â€œI am tired of the daily chaos, the pettiness, the meanness that too often dominates the politicalâ€¦ https://t.co/5cx4k96pnU",-0.7506,0.05,0.672,0.277,72
Foxnews,2018-09-29 17:05:00+00:00,'Last Man Standing' star Tim Allen says it's 'nobody's business' what he thinks about politics https://t.co/PYtsqdgVqJ,0.0,0.0,1.0,0.0,73
Foxnews,2018-09-29 16:58:36+00:00,Soldier Returning from Afghanistan Surprises 5-Year-Old Daughter https://t.co/jlJ5J5F0J5,0.2263,0.213,0.787,0.0,74
Foxnews,2018-09-29 16:51:00+00:00,The U.S. Navy Blue Angels perform a dynamic aerial maneuver during the 2018 Marine Corps Air Station Miramar Air Shâ€¦ https://t.co/0odXp96Nij,0.3818,0.12,0.88,0.0,75
Foxnews,2018-09-29 16:44:54+00:00,"Paralyzed patients take first steps after implant, intense rehab https://t.co/yzYR8uZuqx",0.0772,0.126,0.874,0.0,76
Foxnews,2018-09-29 16:40:32+00:00,RT @FoxBusiness: World's first flying car about to go on sale  https://t.co/SgxFQnF9g8,0.0,0.0,1.0,0.0,77
Foxnews,2018-09-29 16:40:11+00:00,RT @FoxBusiness: Americans' optimism on economy near two-decade high  https://t.co/csUQIam7xq,0.5423,0.28,0.72,0.0,78
Foxnews,2018-09-29 16:39:48+00:00,RT @FoxBusiness: Boeing wins $2.4 billion Air Force contract for new Huey helicopter https://t.co/d0edWlGE2k,0.5719,0.222,0.778,0.0,79
Foxnews,2018-09-29 16:22:51+00:00,"Critical moments for our country need real, smart coverage. Thatâ€™s why for the Kavanaugh hearings, more Americans tâ€¦ https://t.co/WCUfEvNPzO",0.1027,0.123,0.773,0.105,80
Foxnews,2018-09-29 16:13:12+00:00,'Jeff Flake Has No Spine': Bongino Says Lawmaker 'Sold Out the GOP' With Call for Kavanaugh Probe https://t.co/kqu0nB29BS,-0.296,0.0,0.885,0.115,81
Foxnews,2018-09-29 16:09:54+00:00,"Steve Pomerantz: â€œThe FBI never reaches a conclusion, but hopefully they provide enough information within their reâ€¦ https://t.co/VYdcCKVW9j",0.5386,0.181,0.764,0.055,82
Foxnews,2018-09-29 16:00:20+00:00,"'It Was Heartbreaking': Friend of Kavanaugh Reacts to Hearings, FBI Probe https://t.co/tkfpfIpSav",0.4939,0.225,0.775,0.0,83
Foxnews,2018-09-29 15:54:35+00:00,SUNDAY: Don't miss @PressSec's exclusive interview on @FoxNewsSunday. Check your local listings and tune in at 2p aâ€¦ https://t.co/bZxOvLEosK,0.0191,0.073,0.858,0.069,84
Foxnews,2018-09-29 15:53:09+00:00,Michael Moore slams ex-wife's lawsuit as a 'smear campaign' https://t.co/Uq9cyfzNAj,-0.5267,0.0,0.614,0.386,85
Foxnews,2018-09-29 15:45:50+00:00,Maryland authorities say they'll investigate Kavanaugh -- if a victim files a complaint https://t.co/MOUtqsYuNL,-0.5106,0.0,0.699,0.301,86
Foxnews,2018-09-29 15:24:32+00:00,Amal Clooney fights to have imprisoned journalists pardoned at UN conference https://t.co/BsLmzLYxz7,-0.5859,0.114,0.542,0.343,87
Foxnews,2018-09-29 15:21:35+00:00,Joshua Rogers: I tried to help two hostages escape terrorists. Here's what happened https://t.co/lqmv8F0li1,-0.1779,0.238,0.541,0.222,88
Foxnews,2018-09-29 15:09:43+00:00,"Peter Navarro: â€œNAFTA was a tremendous, tremendous harm to this country.â€ https://t.co/HA7OpayWcz",-0.5423,0.0,0.741,0.259,89
Foxnews,2018-09-29 15:01:25+00:00,Peter Navarro: â€œMost of the big issues are solved with Canada. Itâ€™s a great deal for all three countries in that itâ€¦ https://t.co/JN060VIVzo,0.7351,0.237,0.763,0.0,90
Foxnews,2018-09-29 14:50:25+00:00,"Peter Navarro: â€œAt the end of the day, this president is not going to take a deal thatâ€™s not good for this county.â€ https://t.co/R48KVRd34T",-0.3412,0.0,0.901,0.099,91
Foxnews,2018-09-29 14:42:58+00:00,.@repcleaver: â€œWhat we saw yesterday was an undignified dogfight parading as a hearing.â€ https://t.co/AT6o6lClnR,0.0,0.0,1.0,0.0,92
Foxnews,2018-09-29 14:38:40+00:00,".@repcleaver: â€œBoth sides, Republicans and Democrats, went into the hearing saying, â€˜the other side has a closed miâ€¦ https://t.co/aqf5rfYE9x",0.0,0.0,1.0,0.0,93
Foxnews,2018-09-29 14:26:10+00:00,Graham says McCain's anger at Kavanaugh hearing 'would have made me look like a choir boy' https://t.co/cRKfSPBbPY,-0.296,0.124,0.693,0.183,94
Foxnews,2018-09-29 14:13:00+00:00,"TOMORROW: @benshapiro breaks down the Kavanaugh accusations, the hearings and D.C. hypocrisy on the second editionâ€¦ https://t.co/kJkVzzybcw",-0.3182,0.0,0.874,0.126,95
Foxnews,2018-09-29 14:10:11+00:00,.@GriffJenkins is live with the â€˜Fox News Updateâ€™ on Facebook Watch: https://t.co/hNrB8xzepH https://t.co/Lqu82OcuQD,0.0,0.0,1.0,0.0,96
Foxnews,2018-09-29 14:05:08+00:00,Bride surprises groom with first look at his motherâ€™s grave https://t.co/RNgniKBo89,-0.1779,0.141,0.667,0.193,97
Foxnews,2018-09-29 14:02:17+00:00,.@SteveDoocy and his new â€˜The Happy Cookbookâ€™ -- Want an instant happy place? Make a pot roast! https://t.co/Z1up344276,0.8398,0.391,0.609,0.0,98
Foxnews,2018-09-29 13:50:27+00:00,JUST IN: Two police officers dead following confrontation in Mississippi https://t.co/VYRX0Q1rmg,-0.765,0.0,0.577,0.423,99
Foxnews,2018-09-29 13:41:17+00:00,Shark in Bahamas tries eating fisherman's boat motor https://t.co/Suc975UA9b,0.0,0.0,1.0,0.0,100
NYTimes,2018-09-30 02:08:44+00:00,"Whether youâ€™re after a night in with your special someone or your sweatpants, this is your pasta https://t.co/ObQaJspGsr",0.4019,0.144,0.856,0.0,1
NYTimes,2018-09-30 01:52:41+00:00,Having all the right cholesterol numbers and staying active is no guarantee your heart is in great shape https://t.co/w4a83p177s,0.765,0.338,0.577,0.085,2
NYTimes,2018-09-30 01:35:03+00:00,RT @nytimesmusic: Pill testing has also become more common over the past few years at festivals in the United States https://t.co/iMINACZEKm,0.6486,0.218,0.782,0.0,3
NYTimes,2018-09-30 01:25:08+00:00,"Panic in Central Park: Noise at Global Citizen Festival Was Fallen Barrier, Not Gunshots https://t.co/RWqLi2fLMC",-0.4767,0.149,0.512,0.34,4
NYTimes,2018-09-30 01:19:38+00:00,"""I feel like it was a message being sent: 'Donâ€™t be like Tara or you will end up like Tara,'"" one woman said of theâ€¦ https://t.co/X6ADa3Jsjq",0.7579,0.254,0.746,0.0,5
NYTimes,2018-09-30 01:03:22+00:00,"U.S. Weighed Penalizing El Salvador Over Support for China, Then Backed Off https://t.co/TkBOYa8uPO",0.4215,0.257,0.743,0.0,6
NYTimes,2018-09-30 01:02:39+00:00,"Christine Blasey Ford's composed, but wrenching, testimony was ""a stark reminder of the gender dynamics, and mentalâ€¦ https://t.co/JcSJ1sduYP",0.3919,0.135,0.865,0.0,7
NYTimes,2018-09-30 00:45:18+00:00,Here are 3 things an FBI investigation into Christine Blasey Ford's allegations against Kavanaugh could clear up. https://t.co/kzlrRZksSG,0.3818,0.14,0.86,0.0,8
NYTimes,2018-09-30 00:26:54+00:00,"Japanâ€™s Mothers Go Back to Work, but Find the Opportunities Lacking https://t.co/N6tX0JO4vJ",0.5267,0.236,0.764,0.0,9
NYTimes,2018-09-30 00:23:20+00:00,"On Crowded London Streets, Councils Fight a Flood of Phone Boxes https://t.co/NYg9Yxk2Vz",-0.3818,0.0,0.794,0.206,10
NYTimes,2018-09-30 00:21:31+00:00,"In the Connecticut wilderness, a Portuguese hotel designer has created an unexpected respite that retains the magicâ€¦ https://t.co/7O77L21MyG",0.25,0.111,0.889,0.0,11
NYTimes,2018-09-30 00:05:00+00:00,Warren Says She Will Take â€˜A Hard Lookâ€™ at Running for President in 2020 https://t.co/L34wqV5e2M,-0.1027,0.0,0.909,0.091,12
NYTimes,2018-09-29 23:54:36+00:00,Senator Elizabeth Warren says she would â€œtake a hard lookâ€ at running for president in 2020 and called on the natioâ€¦ https://t.co/OTvefIubRm,-0.1027,0.0,0.935,0.065,13
NYTimes,2018-09-29 23:40:06+00:00,Roast a chicken and you know you have a comfortable meal https://t.co/fCEZkKuow9,0.5106,0.268,0.732,0.0,14
NYTimes,2018-09-29 23:22:24+00:00,"Yankees 8, Red Sox 5: Yankees Send One Over the Fence and Into the Record Book https://t.co/Nw6IAy9L6h",0.0,0.0,1.0,0.0,15
NYTimes,2018-09-29 23:15:07+00:00,"With all of its emotion and anger, the fight over Brett Kavanaughâ€™s nomination shows the power â€” and limitations â€”â€¦ https://t.co/noh4jNNSNi",-0.743,0.0,0.741,0.259,16
NYTimes,2018-09-29 23:11:23+00:00,Why I Love Reality Television https://t.co/AGqWcEkMpq,0.6369,0.512,0.488,0.0,17
NYTimes,2018-09-29 23:00:05+00:00,"The ancient roads, pyramids and houses revealed by laser mapping are forcing researchers to reevaluate what they thâ€¦ https://t.co/baWBR8vmel",0.0,0.0,1.0,0.0,18
NYTimes,2018-09-29 22:59:43+00:00,"In KFCâ€™s China Ads, Nuggets Are Served With Patriotism https://t.co/6NkG3Ummnl",0.0,0.0,1.0,0.0,19
NYTimes,2018-09-29 22:52:39+00:00,RT @nytopinion: The battle between the competing moralisms behind the Kavanaugh hearings risks becoming an all-out war between the sexes â€”â€¦,-0.8225,0.0,0.677,0.323,20
NYTimes,2018-09-29 22:40:08+00:00,"RT @nytimesworld: â€œWithout any trust in the United States, there will be no confidence in our national security, and under such circumstancâ€¦",0.8625,0.381,0.548,0.071,21
NYTimes,2018-09-29 22:26:18+00:00,"The single best use of boneless, skinless chicken breasts? Make chicken francese, an Italian-American staple with lâ€¦ https://t.co/RlGsumk7mI",0.6369,0.198,0.802,0.0,22
NYTimes,2018-09-29 22:10:07+00:00,"As others fled amid a 7.5 magnitude earthquake, the last act of an air traffic controller in Palu, Indonesia was toâ€¦ https://t.co/krLnJkGH9P",0.0,0.0,1.0,0.0,23
NYTimes,2018-09-29 21:58:37+00:00,Breaking News: Elon Musk will step down as Tesla's chairman for 3 years and pay a $20 million fine in an S.E.C. setâ€¦ https://t.co/BqwBhxl4xT,0.1027,0.078,0.862,0.06,24
NYTimes,2018-09-29 21:44:42+00:00,RT @NYTScience: Their dad went to the moon and back. He wanted to know if they mowed the lawn. https://t.co/CFi9Hyye3a,0.0,0.0,1.0,0.0,25
NYTimes,2018-09-29 21:30:12+00:00,"Train stations, some remade and others crumbling, reflect the trajectories of their towns and cities. See what we fâ€¦ https://t.co/icEIVfkdLi",0.0,0.0,1.0,0.0,26
NYTimes,2018-09-29 21:15:06+00:00,"In Opinion

Op-Ed contributor Rebecca Traister writes, ""This political moment has provoked a period in which more aâ€¦ https://t.co/2bLeiEnY5c",-0.2732,0.0,0.89,0.11,27
NYTimes,2018-09-29 21:00:09+00:00,The clock has begun ticking on the one-week FBI investigation into sexual misconduct allegations made against Brettâ€¦ https://t.co/2iTIWCs99o,0.0,0.0,1.0,0.0,28
NYTimes,2018-09-29 20:45:01+00:00,A 2016 law in France penalized paying for sex instead of selling it. But some prostitutes say that law puts them inâ€¦ https://t.co/Cr8QXhubCD,0.0,0.0,1.0,0.0,29
NYTimes,2018-09-29 20:31:08+00:00,"After 45 years, more than 1,000 fights and some of the most lucrative and controversial matches of all time, HBO isâ€¦ https://t.co/4mMsRAGgP2",-0.6159,0.0,0.799,0.201,30
NYTimes,2018-09-29 20:15:06+00:00,"""Rarely has the reputation of a leader fallen so far, so fast."" Aung San Suu Kyi: Nobel laureate, democracy icon anâ€¦ https://t.co/mZsqBBfYGG",-0.3612,0.0,0.889,0.111,31
NYTimes,2018-09-29 20:02:02+00:00,Golf Digest and college students helped free a man wrongly convicted of murder. Here's the week in good news. https://t.co/yzDgXavDaQ,0.128,0.23,0.595,0.175,32
NYTimes,2018-09-29 20:00:03+00:00,"A Sloan Kettering executive will give up his $1.4 million stake in a biotech start-up, as the hospital re-examinesâ€¦ https://t.co/0yV9ZY68y7",0.0,0.0,1.0,0.0,33
NYTimes,2018-09-29 19:45:07+00:00,Text messages that were supposed to warn Indonesians of a possible tsunami were foiled when cellphone towers were dâ€¦ https://t.co/A3nTUxRGuF,-0.1027,0.0,0.928,0.072,34
NYTimes,2018-09-29 19:30:05+00:00,"He was always smiling, always laughing and running, like the average 4-year-old,â€ a neighbor said. â€œThatâ€™s why thisâ€¦ https://t.co/cZNILgbREW",0.8271,0.367,0.633,0.0,35
NYTimes,2018-09-29 19:17:11+00:00,"In Opinion
Op-Ed contributor Sarah Hepola writes, ""I cannot know whether Judge Kavanaugh experienced a blackout. Buâ€¦ https://t.co/WYAFRRh0Mq",0.0,0.0,1.0,0.0,36
NYTimes,2018-09-29 19:00:14+00:00,"Did you stay up to date this week? Find out with this week's news quiz.
https://t.co/RrFhnBzf7H",0.0,0.0,1.0,0.0,37
NYTimes,2018-09-29 18:55:04+00:00,"The booming housing market is slowing down. Years of breakneck price increases have outpaced wages, and buyers haveâ€¦ https://t.co/L4av1FXzA9",0.0,0.0,1.0,0.0,38
NYTimes,2018-09-29 18:40:01+00:00,"With their indignant eruptions in the Senate, Brett Kavanaugh and Lindsey Graham took a page from President Trump'sâ€¦ https://t.co/Y6GaKJHoMP",-0.4215,0.0,0.859,0.141,39
NYTimes,2018-09-29 18:25:05+00:00,RT @nytimesbusiness: The White House Council of Economic Advisers calculates that increasingly generous paid leave benefits mean that the aâ€¦,0.6908,0.245,0.705,0.05,40
NYTimes,2018-09-29 18:10:05+00:00,"Organizers have announced a date for the 2019 Women's March, which will be held in Washington with sister demonstraâ€¦ https://t.co/6b1sZxT5RE",0.0,0.0,1.0,0.0,41
NYTimes,2018-09-29 17:55:03+00:00,The invisible recession: A major economic event in 2016 escaped much public notice. But its impact was huge. https://t.co/HkKRiSBiOw,0.2617,0.141,0.767,0.091,42
NYTimes,2018-09-29 17:43:26+00:00,"Our 52 Places Traveler visits the Italian Dolomites and finds mountains like a ""crowd of pious giants frozen in stoâ€¦ https://t.co/w9KvaH0hgw",0.3612,0.116,0.884,0.0,43
NYTimes,2018-09-29 17:25:56+00:00,Sign up to get the Race/Related newsletter by email https://t.co/j1V640Odl3,0.0,0.0,1.0,0.0,44
NYTimes,2018-09-29 17:25:09+00:00,"""Black womenâ€™s feminist contributions are very often erased,"" the novelist Tayari Jones observed. But their influenâ€¦ https://t.co/CG1Gty3FJw",0.0,0.0,1.0,0.0,45
NYTimes,2018-09-29 17:11:05+00:00,"At this very moment, The Upshot and Siena College pollsters are making phone calls across America. You call followâ€¦ https://t.co/FEh7w3EIsH",0.0,0.0,1.0,0.0,46
NYTimes,2018-09-29 16:55:01+00:00,"Christine Blasey Ford's composed, but wrenching, testimony was ""a stark reminder of the gender dynamics, and mentalâ€¦ https://t.co/QRAo9fYkb6",0.3919,0.135,0.865,0.0,47
NYTimes,2018-09-29 16:40:07+00:00,A sleepless night and pressure from all sides: Inside the 24 hours that led Senator Jeff Flake to call to investigaâ€¦ https://t.co/cnfYEQkQcE,-0.296,0.0,0.901,0.099,48
NYTimes,2018-09-29 16:20:03+00:00,"RT @nytopinion: I never felt compelled to share my story before, because it is so common, because so many women have been through worse. Buâ€¦",-0.2612,0.08,0.765,0.155,49
NYTimes,2018-09-29 16:05:08+00:00,"Marty Balin, the founder, lead singer and songwriter for Jefferson Airplane and key member of Jefferson Starship, dâ€¦ https://t.co/Soyr6U4eID",0.0,0.0,1.0,0.0,50
NYTimes,2018-09-29 15:55:06+00:00,"Brett Kavanaughâ€™s testimony raised questions about his neutrality and temperament, threatening the already fragileâ€¦ https://t.co/pyz4RGBCmF",-0.5267,0.0,0.805,0.195,51
NYTimes,2018-09-29 15:40:05+00:00,"""I feel like it was a message being sent: 'Donâ€™t be like Tara or you will end up like Tara,'"" one woman said of theâ€¦ https://t.co/ZO6fAkjXHT",0.7579,0.254,0.746,0.0,52
NYTimes,2018-09-29 15:25:05+00:00,The parents of this 6-year-old boy believed his speech difficulties were due to developmental delays. Then a dentisâ€¦ https://t.co/ag4Kk6ekJ5,-0.296,0.0,0.885,0.115,53
NYTimes,2018-09-29 15:12:04+00:00,"In a unanimous vote, Canadian lawmakers move to strip Daw Aung San Suu Kyi of her honorary citizenship https://t.co/KBI7JlUI2h",0.34,0.124,0.876,0.0,54
NYTimes,2018-09-29 14:55:06+00:00,"Christine Blasey Fordâ€™s searing testimony before the Senate Judiciary Committee, and Brett Kavanaughâ€™s furious respâ€¦ https://t.co/UjbN3YWdSi",-0.5719,0.0,0.802,0.198,55
NYTimes,2018-09-29 14:41:54+00:00,"RT @NYTScience: â€œIf you are too upset, you are crazy. If you are not upset enough, people donâ€™t believe you were raped. So you have to be jâ€¦",-0.9042,0.0,0.663,0.337,56
NYTimes,2018-09-29 14:25:05+00:00,"""They played football, they joined a fraternity, they drank and partied, and it's just part of Americana: That's hoâ€¦ https://t.co/EG27RVgRnK",0.5859,0.22,0.78,0.0,57
NYTimes,2018-09-29 14:10:08+00:00,"""The Simpsons"" is turning 30, and the Simpsons haven't aged a day. But they have evolved, as the culture has with tâ€¦ https://t.co/ma5XF4aF1G",0.0,0.0,1.0,0.0,58
NYTimes,2018-09-29 14:05:05+00:00,"California Republican Rep. Duncan Hunter, himself indicted for misuse of campaign funds, launches ad suggesting hisâ€¦ https://t.co/poEJN8D4dP",0.0,0.0,1.0,0.0,59
NYTimes,2018-09-29 13:50:04+00:00,Here are 3 things an FBI investigation into Christine Blasey Ford's allegations against Kavanaugh could clear up. https://t.co/pYa7vXEijl,0.3818,0.14,0.86,0.0,60
NYTimes,2018-09-29 13:36:20+00:00,"An earthquake and tsunami in Indonesia has killed nearly 400 people in one city alone, and the death toll could risâ€¦ https://t.co/McBorQCrn7",-0.886,0.0,0.646,0.354,61
NYTimes,2018-09-29 13:31:53+00:00,"Today, be kind to yourself
https://t.co/t4zSIkZ2bA",0.5267,0.405,0.595,0.0,62
NYTimes,2018-09-29 13:15:06+00:00,"Recently widowed, they each joined a college program designed to keep older adults active and social. There, they fâ€¦ https://t.co/yZYzPPfzs4",-0.1027,0.118,0.746,0.136,63
NYTimes,2018-09-29 13:06:49+00:00,"The Times fact-checked Brett Kavanaugh's hearing testimony about his drinking habits and whether friends had ""refutâ€¦ https://t.co/5iwyo3W7fK",0.4767,0.162,0.838,0.0,64
NYTimes,2018-09-29 13:02:07+00:00,"International readers from South Africa to Scotland told us that they watched the Kavanaugh hearing: ""I donâ€™t thinkâ€¦ https://t.co/fSnOcku47s",0.0,0.0,1.0,0.0,65
NYTimes,2018-09-29 12:42:06+00:00,"Modern Love: ""I didnâ€™t meet my girlfriend, Jessica, until 12 years after our daughter, Alice, was born. Let me explâ€¦ https://t.co/RK6UxTnkIo",0.6369,0.174,0.826,0.0,66
NYTimes,2018-09-29 12:22:04+00:00,Scraps of a former NFL linemanâ€™s diary found after his death offer a painful glimpse of a football player losing hiâ€¦ https://t.co/dCXMjYGPjF,-0.8555,0.0,0.63,0.37,67
NYTimes,2018-09-29 12:02:02+00:00,"How the FBI will investigate the Kavanaugh accusations
https://t.co/qAgTITm5RS",-0.3182,0.0,0.777,0.223,68
NYTimes,2018-09-29 11:42:04+00:00,Facebook said that attackers exploited a weakness that enabled them to hijack the accounts of nearly 50 million useâ€¦ https://t.co/07YBUT2bjk,-0.8591,0.0,0.627,0.373,69
NYTimes,2018-09-29 11:22:01+00:00,"RT @nytopinion: Kavanaugh's performance on Thursday was right out of Norman Rockwell with a touch of ""Mad Men,"" writes @NYTimesCohen https:â€¦",-0.4939,0.0,0.856,0.144,70
NYTimes,2018-09-29 11:02:06+00:00,"Kidsâ€™ brainpower tied to exercise, sleep and limited screen time https://t.co/VfNqmeCgFt",-0.2263,0.0,0.84,0.16,71
NYTimes,2018-09-29 10:32:01+00:00,"RT @nytrealestate: There's a reason why they call it ""staging a house"" - when you put your house on the market, it's not a place to live anâ€¦",0.0,0.0,1.0,0.0,72
NYTimes,2018-09-29 10:22:34+00:00,"The Week in Good News: A Medical Breakthrough, a Sound Journey, Robyn https://t.co/KCUDQUwzUr",0.4404,0.225,0.775,0.0,73
NYTimes,2018-09-29 10:15:34+00:00,Page to Screen: What to Read Before Heading to Movie Theaters This Fall https://t.co/FAqizfH6yk,0.0,0.0,1.0,0.0,74
NYTimes,2018-09-29 10:05:34+00:00,"Chicken francese, sometimes called chicken French, is one of those rare restaurant dishes that's truly easy to cookâ€¦ https://t.co/6dkng0Ttao",0.7003,0.254,0.746,0.0,75
NYTimes,2018-09-29 09:48:10+00:00,Having all the right cholesterol numbers and staying active is no guarantee your heart is in great shape https://t.co/zGk7vB2zM4,0.765,0.338,0.577,0.085,76
NYTimes,2018-09-29 09:32:05+00:00,"RT @RorySmith: A curious quote here, a bad result there, a slightly dodgy WiFi connection: it doesnâ€™t take much to send Man Utd over the edâ€¦",-0.4228,0.084,0.73,0.186,77
NYTimes,2018-09-29 09:09:36+00:00,This one-pan shrimp enchiladas verde recipe is as simple to make as it is tasty https://t.co/Lmw7eO1XAA https://t.co/Je0c16XmFx,0.0,0.0,1.0,0.0,78
NYTimes,2018-09-29 08:52:09+00:00,The New Birds and Bees: Teaching Kids About Boundaries and Consent https://t.co/mVrenFA8HP,0.2263,0.147,0.853,0.0,79
NYTimes,2018-09-29 08:49:55+00:00,"â€œI donâ€™t know who got a bigger fright: the seal, me or the octopusâ€ https://t.co/gxayw44IQq",-0.3818,0.0,0.833,0.167,80
NYTimes,2018-09-29 08:32:01+00:00,RT @nytimesworld: Seven men arrested in the Netherlands were arrested on charges of planning to attack a mass event with AK-47s and bomb beâ€¦,-0.9274,0.0,0.552,0.448,81
NYTimes,2018-09-29 08:05:21+00:00,McKinsey &amp; Company is advising the Puerto Rican government on a financial overhaul to lighten its crippling debts.â€¦ https://t.co/E1uRYpKeLb,0.0,0.0,1.0,0.0,82
NYTimes,2018-09-29 08:04:42+00:00,Breaking News: Nearly 400 people were killed when an earthquake and a tsunami struck the Indonesian island of Sulawâ€¦ https://t.co/4pQUmpMggT,-0.7579,0.0,0.723,0.277,83
NYTimes,2018-09-29 07:48:16+00:00,A program intended to wipe away the student loans of qualifying public servants rejected more than 99% of those whoâ€¦ https://t.co/06as1CWjkT,-0.5106,0.0,0.852,0.148,84
NYTimes,2018-09-29 07:32:00+00:00,RT @comradewong: 1. Secretary of State Mike Pompeo made a surprise announcement on the closing of the Basra consulate. Cited security reasoâ€¦,0.5423,0.191,0.809,0.0,85
NYTimes,2018-09-29 07:28:43+00:00,A Prostitute Was Killed in France. Is a New Law Partly to Blame? https://t.co/bmp3PFRMJz,-0.7665,0.0,0.602,0.398,86
NYTimes,2018-09-29 07:06:16+00:00,"In case you're listening to Robyn's new song, ""Honey,"" on repeat...  https://t.co/JG85JYu0RX",0.0,0.0,1.0,0.0,87
NYTimes,2018-09-29 06:50:05+00:00,Scientists reported the first discovery of all-female termite societies â€”Â researchers did not find a single male https://t.co/wSUj2xJy05,0.0,0.0,1.0,0.0,88
NYTimes,2018-09-29 06:32:06+00:00,"RT @HernandezJavier: The young activists are model students &amp; ardent communists, singing socialist anthems and quoting Mao. But China's leaâ€¦",0.2617,0.097,0.903,0.0,89
NYTimes,2018-09-29 06:15:52+00:00,"Lady Gaga and Bradley Cooper are in the sha-ha-sha-hallow, and Lil Wayne's long-delayed album is here. Here's the wâ€¦ https://t.co/PKWMDlw9Cw",0.0,0.0,1.0,0.0,90
NYTimes,2018-09-29 05:59:31+00:00,Good science means publishing negative results. It doesn't happen nearly enough. https://t.co/bDl1g2jQTG,-0.2023,0.175,0.602,0.223,91
NYTimes,2018-09-29 05:42:03+00:00,RT @NYTScience: Research into these termite colonies in Japan is the first to demonstrate that males can be discarded from advanced societiâ€¦,-0.1027,0.082,0.82,0.098,92
NYTimes,2018-09-29 05:22:06+00:00,"Social Security faces a projected shortfall in about 16 years, when benefits would be cut by roughly 20%. Lawmakersâ€¦ https://t.co/2NMThx4CH0",0.4404,0.216,0.693,0.091,93
NYTimes,2018-09-29 05:02:02+00:00,"In a world that relentlessly enforces limits, the love of a pet is a refuge for unconstrained emotion, especially fâ€¦ https://t.co/9EUUOR1Mgl",0.6369,0.198,0.802,0.0,94
NYTimes,2018-09-29 04:42:05+00:00,"A tsunami kills dozens in Indonesia, and an aid worker fears the toll will rise: â€œIâ€™m worried about people who mighâ€¦ https://t.co/f6YPK34FKh",-0.8176,0.0,0.679,0.321,95
NYTimes,2018-09-29 04:21:03+00:00,"By the time it closes, it will be the 25th-longest-running Broadway production in history https://t.co/W6UiJdZAFn",0.0,0.0,1.0,0.0,96
NYTimes,2018-09-29 04:16:58+00:00,"Marty Balin, a Founder of Jefferson Airplane, Dies at 76 https://t.co/IEviiYSSJb",0.0,0.0,1.0,0.0,97
NYTimes,2018-09-29 04:02:01+00:00,"RT @nytpolitics: Representative Duncan Hunter has released a startling attack against his Democratic challenger, suggesting that he is an Iâ€¦",-0.3182,0.128,0.731,0.142,98
NYTimes,2018-09-29 03:47:06+00:00,"While many NASA astronauts have auctioned off items decades ago, â€œNeil Armstrong never did that,â€ an auction officiâ€¦ https://t.co/eaErJ25Fx2",0.0,0.0,1.0,0.0,99
NYTimes,2018-09-29 03:32:02+00:00,"RT @mmcintire: NEW: â€œWhat emerges is the image of a skilled lawyer who, when pressed on difficult subjects, sometimes crafted responses thaâ€¦",-0.3612,0.0,0.889,0.111,100
